"Date","Station","Mean_chla","Depth"
1991-02-06,"C1",0.29,20
1991-02-08,"A13",0.14,20
1991-03-13,"A13",0.05,20
1991-03-14,"C1",0.39,20
1991-04-23,"B01",0.48,20
1991-04-24,"C1",2.84,20
1991-04-25,"B3",3.47,14
1991-05-14,"C4",4.24,20
1991-05-15,"C1",4.14,20
1991-05-17,"A13",0.88,20
1991-05-22,"B3",1.59,14
1991-05-29,"C1",2.75,20
1991-05-30,"B3",2.07,14
1991-06-11,"A13",0.96,20
1991-06-12,"C1",1.93,20
1991-06-13,"B3",2.07,14
1991-06-25,"C4",1.88,20
1991-06-26,"C1",2.6,20
1991-06-27,"A13",2.22,20
1991-06-28,"B3",2.6,14
1991-07-09,"C4",1.73,20
1991-07-10,"C1",1.54,20
1991-07-11,"A13",2.17,20
1991-07-12,"B3",2.99,14
1991-07-23,"C4",1.01,20
1991-07-24,"C1",1.25,20
1991-07-26,"B3",1.2,14
1991-07-31,"A13",1.45,20
1991-08-06,"A13",1.45,20
1991-08-07,"C1",1.69,20
1991-08-08,"B3",1.06,14
1991-08-21,"A13",1.11,20
1991-08-22,"B3",1.16,14
1991-08-23,"C1",1.64,20
1991-09-03,"C4",1.49,20
1991-09-04,"B3",0.63,14
1991-09-05,"B01",1.45,20
1991-09-17,"C1",1.73,20
1991-09-18,"A13",1.73,20
1991-09-19,"B3",1.78,14
1991-10-01,"A13",1.25,20
1991-10-02,"C1",1.54,20
1991-10-03,"B3",1.83,14
1991-10-16,"A13",1.83,20
1991-10-17,"B3",1.35,14
1991-10-19,"C1",1.41,20
1991-11-06,"A13",0.72,20
1991-12-10,"C1",0.69,20
1991-12-11,"A13",0.59,20
1991-12-12,"B3",0.54,14
1992-01-08,"A13",0.34,20
1992-01-09,"C1",0.24,20
1992-01-10,"B3",0.39,14
1992-04-07,"B01",0.43,20
1992-04-08,"C1",0.63,20
1992-04-09,"B3",5.35,14
1992-04-21,"A13",0.77,20
1992-04-22,"B3",4.82,14
1992-04-24,"C1",1.98,20
1992-05-05,"A13",1.69,20
1992-05-06,"B3",3.9,14
1992-05-07,"C1",5.06,20
1992-05-19,"A13",1.54,20
1992-05-20,"C1",5.3,20
1992-05-21,"B3",3.9,14
1992-06-02,"B3",1.59,14
1992-06-17,"B3",3.76,14
1992-06-30,"B3",1.98,14
1992-06-30,"C1",1.93,20
1992-07-14,"B3",2.89,14
1992-07-14,"C1",1.49,20
1992-07-28,"B3",1.76,14
1992-08-11,"B3",2.08,14
1992-08-11,"C1",1.42,20
1992-08-25,"B3",1.32,14
1992-08-25,"C6",1.4,20
1992-08-26,"C15",1.93,20
1992-08-26,"C4",1.88,20
1992-08-27,"A13",1.2,20
1992-08-27,"A5",1.59,20
1992-08-27,"B01",1.4,20
1992-09-08,"B3",0.43,14
1992-09-08,"C1",1.69,20
1992-09-22,"B3",0.77,14
1992-09-22,"C1",1.49,20
1992-10-06,"B3",0.81,14
1992-10-06,"C1",1.59,20
1992-10-20,"A13",0.63,20
1992-10-20,"A5",0.87,20
1992-10-20,"B01",0.96,20
1992-10-21,"B3",1.19,14
1992-10-22,"C15",0.87,20
1992-10-22,"C4",1.69,20
1992-10-22,"C6",0.92,20
1992-11-03,"B3",1.51,14
1992-11-17,"C15",0.63,20
1992-11-17,"C4",0.53,20
1992-11-18,"C6",0.53,20
1992-11-19,"A13",0.53,20
1992-11-19,"B01",0.48,20
1992-12-01,"B3",0.72,14
1993-01-12,"B3",0.63,14
1993-01-12,"C1",0.24,20
1993-01-26,"A13",0.06,20
1993-01-26,"B01",0.14,20
1993-01-27,"C1",0.05,20
1993-01-27,"C15",0.14,20
1993-01-27,"C4",0.05,20
1993-01-28,"B3",0.14,14
1993-02-09,"B3",0.72,14
1993-02-09,"C1",0.43,20
1993-02-23,"B3",0.36,14
1993-03-23,"A13",0.19,20
1993-03-23,"B01",0.29,20
1993-03-24,"C15",0.14,20
1993-03-24,"C4",0.58,20
1993-03-25,"B3",2.02,14
1993-04-06,"B3",4.14,14
1993-04-20,"B3",3.33,14
1993-04-20,"C1",1.45,20
1993-05-04,"A13",0.87,20
1993-05-04,"A5",0.77,20
1993-05-04,"B01",0.63,20
1993-05-05,"B3",2.87,14
1993-05-05,"C1",2.65,20
1993-05-06,"C15",3.57,20
1993-05-06,"C4",3.76,20
1993-05-18,"A13",0.87,20
1993-05-18,"A5",1.78,20
1993-05-18,"B01",1.01,20
1993-05-19,"B3",1.4,14
1993-05-19,"C1",3.35,20
1993-05-20,"C15",2.99,20
1993-05-20,"C4",4.63,20
1993-06-01,"B3",1.64,14
1993-06-01,"C1",2.41,20
1993-06-15,"A13",0.96,20
1993-06-15,"A5",0.63,20
1993-06-15,"B01",0.92,20
1993-06-16,"B3",1.11,14
1993-06-16,"C1",1.88,20
1993-06-17,"C15",2.41,20
1993-06-17,"C4",2.22,20
1993-06-29,"B3",2.17,14
1993-07-13,"A13",1.06,20
1993-07-14,"C1",1.59,20
1993-07-15,"B3",1.54,14
1993-07-27,"A13",1.4,20
1993-07-28,"C1",1.45,20
1993-08-09,"C4",1.4,20
1993-08-10,"C1",1.54,20
1993-08-10,"C15",1.25,20
1993-08-11,"A13",1.11,20
1993-08-11,"A5",1.16,20
1993-08-11,"B01",1.01,20
1993-08-12,"B3",1.35,14
1993-08-24,"A13",1.01,14
1993-08-25,"B3",1.83,14
1993-08-26,"C1",1.59,14
1993-09-07,"A13",1.11,14
1993-09-07,"A5",1.11,14
1993-09-07,"B01",1.01,14
1993-09-08,"B3",0.05,14
1993-09-09,"C1",1.83,14
1993-09-09,"C15",2.31,14
1993-09-09,"C4",2.31,14
1993-09-21,"B3",0.84,14
1993-10-20,"C1",1.11,14
1993-10-21,"B3",0.58,14
1993-11-16,"C15",0.58,14
1993-11-16,"C4",0.68,14
1993-11-17,"A3",0.53,14
1993-11-17,"A5",0.87,14
1993-11-18,"A13",0.63,14
1993-11-19,"C1",0.77,14
1993-11-23,"B3",0.71,14
1993-12-14,"A13",0.19,14
1993-12-16,"B3",0.58,14
1994-01-10,"C4",10.9,14
1994-01-11,"C1",11.79,14
1994-01-11,"C15",9.92,14
1994-01-12,"B3",10.32,14
1994-01-13,"A13",7.81,14
1994-01-13,"B01",0.95,14
1994-02-23,"B3",3.9,14
1994-02-28,"A13",3.71,14
1994-03-21,"A13",1.29,14
1994-03-22,"B3",1.34,14
1994-03-24,"C1",1.61,14
1994-04-12,"C15",33.85,14
1994-04-12,"C4",30.4,14
1994-04-13,"C1",26.18,14
1994-04-14,"A13",9.38,14
1994-04-15,"B3",9.11,14
1994-05-03,"C1",16.33,14
1994-05-04,"A13",2.01,14
1994-05-05,"B3",4.43,14
1994-05-16,"C4",10.64,14
1994-05-17,"C1",11.04,14
1994-05-17,"C15",15.45,14
1994-05-18,"A13",2.21,14
1994-05-18,"A5",3.77,14
1994-05-18,"B01",3.08,14
1994-05-19,"B3",5.38,14
1994-05-31,"A13",2.55,14
1994-06-01,"C1",6.14,14
1994-06-02,"B3",6.41,14
1994-06-14,"A13",7.06,14
1994-06-14,"A5",4.51,14
1994-06-14,"B01",5.12,14
1994-06-15,"C1",5.6,14
1994-06-15,"C15",4.65,14
1994-06-15,"C4",4.49,14
1994-06-16,"B3",5.43,14
1994-06-28,"C1",1.25,14
1994-06-29,"A13",1.66,14
1994-06-30,"B3",3.49,14
1994-07-12,"A13",8.39,14
1994-07-13,"C1",2.85,14
1994-07-14,"B3",3.45,14
1994-07-26,"A13",2.8,14
1994-07-27,"C1",2.62,14
1994-07-28,"B3",3.19,14
1994-08-08,"C4",4.13,14
1994-08-09,"C1",2.41,14
1994-08-09,"C15",3.41,14
1994-08-10,"A13",3.14,14
1994-08-10,"A5",2.59,14
1994-08-10,"B01",2.68,14
1994-08-11,"B3",2.54,14
1994-08-23,"A13",2.83,14
1994-08-24,"C1",4.08,14
1994-08-25,"B3",2.87,14
1994-09-05,"C4",4.09,14
1994-09-06,"C1",1.73,14
1994-09-06,"C15",1.51,14
1994-09-07,"A13",2.51,14
1994-09-07,"B01",2.93,14
1994-09-08,"B3",4,14
1994-09-27,"A5",0.95,14
1994-09-28,"B3",2.11,14
1994-10-11,"C1",2.32,14
1994-10-18,"A13",2.55,14
1994-10-19,"C1",2.31,14
1994-10-20,"B3",2.85,14
1994-11-15,"A13",4.67,14
1994-11-15,"A3",1.09,14
1994-11-15,"A5",1.96,14
1994-11-16,"B01",2.04,14
1994-11-16,"C6",2.39,14
1994-11-17,"C1",1.78,14
1994-11-17,"C15",2.14,14
1994-11-17,"C4",2,14
1994-11-21,"B3",1.89,14
1994-12-14,"C1",1.15,14
1994-12-15,"B3",0.75,14
1995-01-10,"A13",1.32,14
1995-01-10,"A3",1.22,14
1995-01-10,"A5",1.15,14
1995-01-11,"B3",1.51,14
1995-01-12,"C1",1,14
1995-01-12,"C6",1.55,14
1995-01-31,"B3",1.36,14
1995-02-02,"C1",1.38,14
1995-02-02,"C6",1.79,14
1995-02-21,"B3",1.82,14
1995-02-22,"C1",1.57,14
1995-02-22,"C15",1.37,14
1995-02-22,"C4",1.52,14
1995-03-14,"B3",3.99,14
1995-04-04,"A13",1.63,14
1995-04-05,"C1",2.08,14
1995-04-06,"B3",4.8,14
1995-04-19,"A13",1.55,14
1995-04-20,"B3",19.53,14
1995-04-25,"B3",9.56,14
1995-04-26,"C1",4.35,14
1995-05-02,"B3",7.21,14
1995-05-03,"A13",2.54,14
1995-05-04,"C1",7.43,14
1995-05-16,"B3",6.19,14
1995-05-17,"A13",3.26,14
1995-05-18,"C1",14.94,14
1995-06-01,"B3",4.56,14
1995-06-06,"C1",7.61,14
1995-06-07,"A13",4.5,14
1995-06-27,"A13",3.27,14
1995-06-28,"C1",3.4,14
1995-06-29,"B3",2.67,14
1995-07-11,"A13",2.87,14
1995-07-12,"C1",3.4,14
1995-07-13,"B3",3.15,14
1995-07-25,"A13",4.61,14
1995-07-26,"C1",3.47,14
1995-07-27,"B3",3.35,14
1995-08-08,"C1",3.78,14
1995-08-09,"B3",1.98,14
1995-08-10,"A13",2.3,14
1995-08-22,"A13",2.47,14
1995-08-23,"B3",3.33,14
1995-08-24,"C1",3.61,14
1995-09-05,"A13",4.08,14
1995-09-06,"B3",3.98,14
1995-09-26,"B3",3.44,14
1995-09-27,"A13",4.37,14
1995-09-28,"C1",3.78,14
1995-10-17,"A13",3.16,14
1995-10-18,"B3",4.03,14
1995-10-19,"C1",4.61,14
1995-11-14,"C1",1.61,14
1995-11-16,"A13",1.49,14
1995-11-17,"B3",2.41,14
1995-11-28,"A13",0.81,14
1995-12-01,"C1",1.22,14
1995-12-12,"A13",0.79,14
1995-12-13,"B3",1.35,14
1996-01-09,"A13",3.78,14
1996-01-10,"B3",0.33,14
1996-01-12,"C1",0.11,14
1996-01-31,"B3",0.14,14
1996-02-01,"C1",0.25,14
1996-02-20,"C1",0.24,14
1996-02-22,"B3",0.09,14
1996-03-12,"C1",0.68,14
1996-03-14,"B3",0.76,14
1996-03-21,"A13",0.25,14
1996-04-02,"A13",0.06,14
1996-04-02,"C1",1.57,14
1996-04-11,"B3",1.26,14
1996-04-23,"C1",7.84,14
1996-04-24,"B3",3.3,14
1996-05-07,"C1",4.87,14
1996-05-09,"B3",1.89,14
1996-05-21,"A13",0.95,14
1996-05-22,"C1",2.86,14
1996-05-23,"B3",3.19,14
1996-06-04,"A13",0.98,14
1996-06-05,"B3",1.17,14
1996-06-06,"C1",2.27,14
1996-06-11,"A13",1.24,14
1996-06-12,"C1",2.45,14
1996-06-13,"B3",0.895,14
1996-06-25,"A13",1.215,14
1996-06-26,"C1",1.155,14
1996-06-27,"B3",1.395,14
1996-07-09,"A13",21.82,14
1996-07-10,"B3",3.51,14
1996-07-11,"C1",2.33,14
1996-07-23,"A13",1.91,14
1996-07-24,"B3",1.13,14
1996-07-25,"C1",2.72,14
1996-08-06,"A13",1.25,14
1996-08-07,"B3",1.98,14
1996-08-08,"C1",1.54,14
1996-08-20,"A13",2.19,14
1996-08-21,"C1",1.34,14
1996-08-22,"B3",1.96,14
1996-09-03,"A13",1.5,14
1996-09-04,"B3",1.84,14
1996-09-05,"C1",1.45,14
1996-09-17,"A13",0.73,14
1996-09-18,"C1",1.4,14
1996-09-19,"B3",1.75,14
1996-10-01,"A13",2.17,14
1996-10-02,"C1",2.04,14
1996-10-03,"B3",2.59,14
1996-10-15,"A13",1.22,14
1996-10-16,"B3",2.07,14
1996-10-29,"A13",0.75,14
1996-10-30,"B3",1.64,14
1996-11-12,"A13",0.46,14
1996-11-13,"B3",0.98,14
1996-11-14,"C1",0.61,14
1996-11-26,"A13",0.21,14
1996-11-27,"C1",0.46,14
1996-11-29,"B3",0.73,14
1996-12-10,"B3",-0.17,14
1996-12-18,"A13",-0.18,14
1997-01-14,"A13",-0.13,14
1997-01-15,"B3",0.01,14
1997-01-17,"C1",-0.005,14
1997-02-04,"B3",-0.015,14
1997-02-05,"A13",-0.205,14
1997-02-06,"C1",-0.005,14
1997-03-12,"C1",-0.23,14
1997-03-14,"B3",-0.11,14
1997-03-18,"A13",NA,14
1997-04-08,"C1",0.14,14
1997-04-09,"B3",3.44,14
1997-04-23,"C1",2.39,14
1997-04-24,"B3",5.145,14
1997-04-29,"A13",0.36,14
1997-05-05,"B3",2.87,14
1997-05-06,"A13",0.12,14
1997-05-07,"C1",8.89,14
1997-05-13,"A13",0.63,14
1997-05-14,"B3",8.68,14
1997-05-15,"C1",5.5,14
1997-05-26,"B3",1.985,14
1997-05-27,"A13",1.365,14
1997-05-29,"C1",2.92,14
1997-06-09,"B3",1.235,14
1997-06-09,"C1",NA,14
1997-06-10,"A13",1.915,14
1997-06-24,"A13",1.465,14
1997-06-26,"C1",1.265,14
1997-06-27,"B3",2.1,14
1997-07-08,"A13",1.64,14
1997-07-09,"B3",2.21,14
1997-07-10,"C1",1.105,14
1997-07-22,"A13",1.46,14
1997-07-23,"C1",0.875,14
1997-07-24,"B3",1.39,14
1997-08-05,"A13",0.89,14
1997-08-07,"C1",0.935,14
1997-08-08,"B3",1.08,14
1997-08-19,"A13",0.9,14
1997-08-20,"C1",2.12,14
1997-08-22,"B3",0.935,14
1997-09-02,"A13",2.125,14
1997-09-03,"C1",1.53,14
1997-09-04,"B3",2.815,14
1997-09-30,"A13",1.915,14
1997-10-01,"C1",2.41,14
1997-10-02,"B3",3.95,14
1997-10-15,"A13",1.02,14
1997-10-17,"B3",1.55,14
1997-10-28,"C1",0.14,14
1997-11-12,"C1",0.12,14
1997-11-13,"A13",0.2,14
1998-01-14,"A13",0.1,20
1998-01-15,"C1",0.45,20
1998-01-21,"B3",0.14,20
1998-02-04,"B3",0.14,20
1998-03-17,"B3",0.485,20
1998-03-30,"A13",0.28,20
1998-04-15,"C1",3.405,20
1998-04-16,"B3",4.7,20
1998-04-28,"A13",0.325,20
1998-04-29,"B3",3.755,20
1998-05-05,"C1",6.215,20
1998-05-12,"A13",0.805,20
1998-05-14,"B3",1.53,20
1998-05-26,"A13",1.05,20
1998-05-28,"B3",2.765,20
1998-06-09,"A13",1,20
1998-06-12,"B3",1.815,20
1998-06-23,"A13",1.29,20
1998-06-25,"B3",2.08,20
1998-08-04,"A13",1.37,20
1998-08-06,"C1",1.33,20
1998-08-06,"GA1",1.3,20
1998-08-07,"B3",0.83,20
1998-08-18,"A13",0.925,20
1998-08-20,"B3",1.085,20
1998-09-01,"A13",1.89,20
1998-09-02,"B3",1.495,20
1998-09-02,"GA1",0.775,20
1998-09-15,"A13",0.685,20
1998-09-16,"C1",1.49,20
1998-09-18,"B3",1.86,20
1998-09-30,"B3",2.77,20
1998-10-13,"B3",1.43,20
1998-11-10,"A13",0.255,20
1998-11-13,"B3",1.72,20
1998-11-30,"GA1",0.1,20
1998-12-02,"B3",0.37,20
1999-01-12,"A13",-0.065,20
1999-01-13,"B3",0.105,20
1999-01-14,"C1",0.27,20
1999-02-03,"B3",0.335,20
1999-02-04,"GA1",0.695,20
1999-03-17,"B3",0.185,20
1999-03-24,"A13",-0.065,20
1999-03-30,"C1",1.255,20
1999-03-31,"B3",0.385,20
1999-04-12,"C1",3.075,20
1999-04-15,"B3",3.29,20
1999-05-04,"A13",0.455,20
1999-05-05,"C1",4.405,20
1999-05-18,"A13",0.855,20
1999-05-19,"RA1",0.145,5
1999-05-19,"RA2",0.64,10
1999-05-19,"RA3",1.355,10
1999-05-20,"B3",1.99,20
1999-06-01,"A13",1.445,20
1999-06-02,"RA1",1.085,5
1999-06-02,"RA2",2.52,10
1999-06-02,"RA3",2.42,10
1999-06-03,"B3",1.21,20
1999-06-03,"GA1",2.115,20
1999-06-04,"C1",3.74,20
1999-06-15,"A13",1.38,20
1999-06-16,"RA1",1.345,5
1999-06-16,"RA2",1.66,10
1999-06-16,"RA3",1.74,10
1999-06-17,"B3",1.41,20
1999-06-30,"C1",2.005,20
1999-06-30,"GA1",2.23,20
1999-07-01,"B3",1.44,20
1999-08-10,"A13",2.505,20
1999-08-11,"RA1",4.005,5
1999-08-11,"RA2",2.4,10
1999-08-11,"RA3",2.37,10
1999-08-12,"B3",1.655,20
1999-08-25,"C1",1.2,20
1999-08-25,"GA1",0.9,20
1999-08-26,"B3",0.485,20
1999-09-07,"A13",1.73,20
1999-09-08,"C1",1.69,20
1999-09-09,"B3",1.895,20
1999-09-21,"A13",2.295,20
1999-09-22,"C1",2.465,20
1999-09-23,"B3",2.025,20
1999-10-04,"B3",2.75,20
1999-10-05,"A13",2.545,20
1999-10-07,"C1",2.065,20
1999-10-19,"A13",2.21,20
1999-10-20,"C1",1.45,20
1999-10-21,"B3",0.85,20
1999-11-15,"GA1",0.495,20
1999-11-16,"RA1",0.925,5
1999-11-16,"RA2",0.815,10
1999-11-16,"RA3",0.72,10
1999-11-17,"B3",0.405,20
1999-12-07,"A13",0.345,20
1999-12-08,"C1",0.33,20
1999-12-10,"B3",0.805,20
2000-01-24,"C3",0.355,20
2000-01-24,"GA1",0.225,20
2000-01-25,"C14",0.31,20
2000-01-26,"B3",0.345,20
2000-01-27,"A13",0.295,20
2000-01-27,"A5",0.31,20
2000-02-08,"C14",0.045,20
2000-02-08,"C3",0.145,20
2000-02-09,"B7",0.115,20
2000-02-10,"A13",-0.03,20
2000-02-10,"A5",-0.03,20
2000-03-01,"B3",0.535,20
2000-03-28,"B7",2.525,20
2000-04-12,"B3",5.105,20
2000-04-25,"C14",4.92,20
2000-04-25,"C3",6.98,20
2000-04-26,"B7",4.59,20
2000-04-27,"A3",-0.095,20
2000-05-15,"C14",3.285,20
2000-05-15,"GA1",1.9,20
2000-05-16,"B3",2.565,20
2000-05-16,"C3",3.32,20
2000-05-17,"A13",0.355,20
2000-05-17,"A5",0.825,20
2000-05-17,"RA1",0.355,5
2000-05-17,"RA2",0.05,10
2000-05-17,"RA3",0.705,20
2000-05-22,"B7",2.26,20
2000-05-23,"A13",0.725,20
2000-05-23,"A5",0.9,20
2000-05-24,"C14",2.49,20
2000-05-24,"C3",2.605,20
2000-06-05,"C14",1.445,20
2000-06-05,"C3",0.89,20
2000-06-06,"B3",1.295,20
2000-06-06,"GA1",1.09,20
2000-06-07,"A13",1.025,20
2000-06-07,"A5",0.895,20
2000-06-07,"RA1",0.89,5
2000-06-07,"RA2",3.14,10
2000-06-07,"RA3",0.975,20
2000-07-04,"A13",1.045,20
2000-07-04,"A5",1.715,20
2000-07-05,"C14",1.095,20
2000-07-05,"C3",1.11,20
2000-07-06,"B7",1.385,20
2000-08-01,"A13",2.59,20
2000-08-01,"A5",1.555,20
2000-08-02,"C14",0.83,20
2000-08-02,"C3",1.31,20
2000-08-03,"B3",1.48,20
2000-08-14,"C14",1.19,20
2000-08-14,"C3",1.465,20
2000-08-14,"GA1",1.065,20
2000-08-15,"B7",1.795,20
2000-08-16,"A13",1.445,20
2000-08-16,"A5",0.335,20
2000-08-16,"RA1",3.515,5
2000-08-16,"RA2",1.615,10
2000-08-16,"RA3",1.33,20
2000-09-06,"B3",0.9,20
2000-09-11,"C3",1.015,20
2000-09-12,"C14",1.075,20
2000-09-13,"RA1",2.04,5
2000-09-13,"RA2",1.2,10
2000-09-13,"RA3",1.11,20
2000-10-03,"B7",1.935,20
2000-10-16,"B3",1.28,20
2000-11-06,"C3",0.825,20
2000-11-06,"GA1",0.38,20
2000-11-07,"C14",0.925,20
2000-11-09,"A13",0.3,20
2000-11-09,"A5",0.32,20
2000-11-09,"RA1",0.58,5
2000-11-09,"RA2",0.765,10
2000-11-09,"RA3",0.905,20
2000-12-04,"C14",0.39,20
2000-12-04,"C3",0.69,20
2000-12-05,"B7",0.26,20
2000-12-06,"A5",0.19,20
2001-01-16,"B7",0.91,10
2001-01-30,"A5",-0.14,10
2001-01-31,"B3",0.195,10
2001-02-11,"C14",-0.1,10
2001-02-11,"C3",-0.035,10
2001-02-11,"GA1",0.035,10
2001-02-27,"C14",-0.08,10
2001-02-27,"C3",0.1,10
2001-02-28,"B7",0.215,10
2001-03-20,"A13",0.15,10
2001-03-20,"A5",-0.12,10
2001-03-27,"B3",0.315,10
2001-04-10,"B7",1.685,10
2001-04-24,"C14",2.935,10
2001-04-24,"C3",4.375,10
2001-04-25,"B3",3.375,10
2001-05-08,"A13",0.54,10
2001-05-08,"A5",0.47,10
2001-05-09,"B7",1.715,10
2001-05-09,"GA1",3.93,10
2001-05-10,"C14",4.18,10
2001-05-10,"C3",3.18,10
2001-05-21,"C14",3.075,10
2001-05-21,"GA1",2.3225,15
2001-05-22,"A13",0.735,10
2001-05-22,"A5",1.69,10
2001-05-22,"C3",2.76,10
2001-05-23,"RA1",0.51,5
2001-05-23,"RA2",0.975,10
2001-05-23,"RA3",1.465,10
2001-06-11,"C14",1.585,10
2001-06-11,"C3",1.14,10
2001-06-11,"GA1",1.065,10
2001-06-12,"A13",2.04,10
2001-06-12,"B7",1.78,10
2001-06-18,"RA1",2.03,5
2001-06-18,"RA2",1.51,10
2001-06-18,"RA3",1.7,10
2001-06-19,"A5",1.63,10
2001-07-03,"A13",1.535,10
2001-07-03,"A5",1.98,10
2001-07-04,"B3",2.105,10
2001-07-04,"C3",0.935,10
2001-07-05,"C14",0.7,10
2001-07-30,"C14",0.765,10
2001-07-30,"C3",0.58,10
2001-07-30,"GA1",1.195,10
2001-07-31,"B7",0.635,10
2001-08-01,"A13",1.345,10
2001-08-01,"A5",0.49,10
2001-08-01,"RA1",1.57,5
2001-08-01,"RA2",0.58,10
2001-08-01,"RA3",0.685,10
2001-08-14,"A13",1.35,10
2001-08-14,"A5",0.87,10
2001-08-15,"B3",1.035,10
2001-08-16,"C14",0.665,10
2001-08-16,"C3",0.6,10
2001-09-11,"A13",1.88,10
2001-09-11,"A5",1.13,10
2001-09-12,"RA1",2.78,5
2001-09-12,"RA2",2.265,10
2001-09-13,"C14",1.045,10
2001-09-13,"C3",1.515,10
2001-09-17,"B7",1.395,10
2001-10-04,"B3",0.54,10
2001-10-15,"B7",0.985,10
2001-10-16,"A13",2.285,10
2001-10-16,"A5",1.85,10
2001-11-05,"GA1",0.73,10
2001-11-06,"C14",0.135,10
2001-11-06,"C3",0.855,10
2001-11-07,"A13",0.715,10
2001-11-07,"A5",0.495,10
2001-11-08,"RA2",2.445,10
2001-11-08,"RA3",0.86,10
2001-11-09,"B3",0.995,10
2001-12-04,"A13",0.095,10
2001-12-04,"A5",0.455,10
2001-12-05,"B3",0.445,10
2001-12-06,"C14",0.21,10
2001-12-06,"C3",0.045,10
2002-01-15,"A13",-0.045,10
2002-01-15,"A5",-0.1,10
2002-01-16,"C14",0.06,10
2002-01-16,"C3",-0.01,10
2002-01-16,"GA1",0,10
2002-01-17,"B3",-0.03,10
2002-02-12,"C14",0.115,10
2002-02-12,"C3",0.015,10
2002-02-13,"B7",0.145,10
2002-03-04,"A5",-0.07,10
2002-03-12,"B3",0.176666666666667,10
2002-03-24,"A13",-0.165,10
2002-04-11,"B3",2.1,10
2002-04-11,"B7",1.885,10
2002-04-23,"A13",0.485,10
2002-04-23,"A5",0.41,10
2002-04-24,"B7",1.6,10
2002-04-24,"GA1",3.955,10
2002-04-25,"C14",6.445,10
2002-04-25,"C3",7.19,10
2002-05-07,"A13",0.48,10
2002-05-07,"A5",1.145,10
2002-05-08,"B3",1.71,10
2002-05-08,"C3",3.905,10
2002-05-09,"C14",2.54,10
2002-05-20,"C14",1.37,10
2002-05-20,"GA1",1.78,10
2002-05-21,"B7",1.675,10
2002-05-21,"C3",1.11,10
2002-05-22,"RA1",0.74,5
2002-05-22,"RA2",0.74,10
2002-05-22,"RA3",1.55,10
2002-05-23,"A13",NA,10
2002-05-23,"A5",0.51,10
2002-06-03,"C14",1.07,10
2002-06-03,"GA1",2.065,10
2002-06-04,"B3",2.22,10
2002-06-04,"C3",1.51,10
2002-06-05,"RA1",3.055,5
2002-06-05,"RA2",0.81,10
2002-06-05,"RA3",1.205,10
2002-06-06,"A13",0.805,10
2002-06-06,"A5",0.7525,10
2002-07-02,"A13",3.46,10
2002-07-02,"A5",1.56,10
2002-07-03,"C14",1.12,10
2002-07-03,"C3",1.25,10
2002-07-04,"B7",2.0375,10
2002-07-30,"A13",0.91,10
2002-07-30,"A5",0.885,10
2002-07-31,"C14",0.665,10
2002-07-31,"C3",0.8375,10
2002-08-01,"B3",2.54,10
2002-08-12,"C14",1.1,10
2002-08-12,"GA1",1.065,10
2002-08-13,"B7",1.725,10
2002-08-13,"C3",0.79,10
2002-08-14,"RA1",3.195,5
2002-08-14,"RA2",2.57,10
2002-08-14,"RA3",1.515,10
2002-08-15,"A13",0.77,10
2002-08-15,"A5",0.685,10
2002-09-09,"C14",0.915,10
2002-09-10,"B3",2.6,10
2002-09-10,"C3",1.0775,10
2002-09-11,"A5",1.505,10
2002-09-11,"RA1",3.255,5
2002-09-11,"RA2",2.535,10
2002-09-11,"RA3",2.315,10
2002-09-12,"A13",1.785,10
2002-10-02,"B7",0.865,10
2002-10-15,"B3",3.14,10
2002-11-04,"C14",0.7325,15
2002-11-05,"B7",1.07,10
2002-11-05,"C3",0.8875,10
2002-11-05,"GA1",0.965,10
2002-11-06,"A5",0.66,10
2002-11-06,"RA2",1.35,10
2002-11-06,"RA3",1.36,10
2002-11-07,"A13",0.715,10
2002-11-18,"B3",0.795,10
2002-12-03,"A13",0.145,10
2002-12-03,"A5",0.16,10
2002-12-04,"B7",0.365,10
2002-12-05,"C14",0.165,10
2002-12-05,"C3",0.335,10
2003-01-13,"C3",0.075,10
2003-01-15,"GA1",0.085,20
2003-01-16,"C14",0.04,10
2003-01-24,"B7",0.005,10
2003-02-11,"C14",0.095,10
2003-02-11,"C3",0.135,10
2003-02-13,"B3",0.035,10
2003-02-20,"A13",-0.1,10
2003-02-20,"A5",-0.12,10
2003-03-13,"B7",0.04,10
2003-03-14,"A13",0.005,10
2003-03-14,"A5",-0.11,10
2003-04-03,"B3",2.205,10
2003-04-08,"B7",0.86,10
2003-04-21,"C14",3.9625,15
2003-04-21,"GA1",4.8325,20
2003-04-22,"B3",2.875,10
2003-04-22,"C3",4.7775,15
2003-04-25,"A13",0.555,10
2003-04-25,"A5",0.055,10
2003-05-06,"C14",6.38,10
2003-05-06,"C3",4.56,10
2003-05-07,"A13",0.745,10
2003-05-07,"B7",4.1425,15
2003-05-08,"A5",0.275,10
2003-05-19,"C14",3.54,10
2003-05-19,"GA1",3.565,20
2003-05-20,"B3",3.5,10
2003-05-20,"C3",3.66,10
2003-05-21,"RA1",1.765,5
2003-05-21,"RA2",1.43,10
2003-05-21,"RA3",1.035,10
2003-05-22,"A13",0.995,15
2003-05-22,"A5",0.61,10
2003-06-02,"C14",2.375,15
2003-06-02,"GA1",1.72,20
2003-06-03,"B7",1.85,10
2003-06-03,"C3",2.1375,15
2003-06-04,"A13",1.15,10
2003-06-04,"A5",0.77,10
2003-06-30,"C14",0.81,10
2003-07-01,"B3",1.3825,15
2003-07-01,"C3",0.805,10
2003-07-02,"RA1",2.65,5
2003-07-02,"RA2",2.84,10
2003-07-02,"RA3",2.86,10
2003-07-03,"A13",2.25,10
2003-07-03,"A5",1.855,10
2003-07-29,"A13",1.6975,15
2003-07-29,"A5",1.7025,15
2003-07-30,"B7",1.555,10
2003-07-30,"C14",0.685,10
2003-07-30,"C3",1.155,10
2003-08-11,"C14",1.115,15
2003-08-11,"GA1",2.115,20
2003-08-12,"B3",1.15,10
2003-08-12,"C3",1.155,15
2003-08-13,"RA1",2.805,5
2003-08-13,"RA2",1.49,10
2003-08-13,"RA3",1.525,10
2003-08-14,"A13",1.3,10
2003-08-14,"A5",0.66,10
2003-09-08,"C14",1.94,10
2003-09-09,"B7",2.505,15
2003-09-09,"C3",1.65,10
2003-09-10,"RA1",3.79,5
2003-09-10,"RA2",1.815,10
2003-09-10,"RA3",1.535,10
2003-09-11,"A13",1.795,10
2003-09-11,"A5",1.635,10
2003-09-30,"B3",3.785,10
2003-10-13,"B7",3.025,10
2003-11-03,"C3",1.11,10
2003-11-03,"GA1",3.11,20
2003-11-05,"B3",2.11,10
2003-11-05,"C14",1.965,10
2003-11-06,"A13",0.66,15
2003-11-07,"RA1",3.695,5
2003-11-07,"RA2",2.35,10
2003-11-07,"RA3",1.81,10
2003-11-08,"A5",0.5,15
2003-11-21,"B7",1.375,10
2003-12-02,"A13",0.235,10
2003-12-02,"A5",0.35,10
2003-12-03,"B3",1.355,10
2003-12-03,"C14",1.085,10
2003-12-03,"C3",1.24,10
2004-01-22,"GA1",0.18,10
2004-01-23,"C14",0.16,10
2004-01-23,"C3",-0.015,10
2004-01-24,"B3",0.185,10
2004-02-09,"C3",0.25,10
2004-02-11,"C14",0.14,10
2004-02-13,"B7",0.1,10
2004-02-23,"A13",-0.045,10
2004-02-23,"A5",-0.01,10
2004-03-16,"B3",0.5,10
2004-03-22,"B7",1.93,10
2004-03-30,"A13",0.035,10
2004-03-30,"A5",-0.05,10
2004-04-05,"B3",5.24,10
2004-04-19,"C3",12.43,10
2004-04-20,"A13",0.32,10
2004-04-22,"B7",6.6925,15
2004-04-22,"GA1",5.45,10
2004-04-23,"C14",6.095,10
2004-05-05,"B3",4.395,10
2004-05-17,"GA1",1.54,10
2004-05-18,"C14",1.435,15
2004-05-19,"B7",1.4,10
2004-05-19,"C3",1.83,10
2004-05-20,"A13",1.6075,15
2004-05-21,"RA1",0.59,5
2004-05-21,"RA2",0.995,10
2004-05-21,"RA3",0.945,10
2004-05-22,"A5",1.515,10
2004-06-08,"A13",1.5525,15
2004-06-08,"A5",2.2925,15
2004-06-09,"RA1",1.79,5
2004-06-09,"RA2",1.425,10
2004-06-09,"RA3",1.41,10
2004-06-10,"B3",1.37,10
2004-06-10,"GA1",1.62,10
2004-06-11,"C14",0.81,10
2004-06-11,"C3",1.145,10
2004-06-30,"A5",1.57,10
2004-07-26,"C14",1.48,10
2004-07-26,"C3",1.425,10
2004-07-27,"B7",2.545,10
2004-07-28,"RA1",2.5,5
2004-07-28,"RA2",1.67,10
2004-07-28,"RA3",1.81,10
2004-07-29,"A13",1.565,10
2004-07-29,"A5",1.19,10
2004-08-16,"B3",0.66,15
2004-09-06,"C14",1.595,15
2004-09-07,"B7",0.915,10
2004-09-07,"C3",1.9275,15
2004-09-07,"GA1",2.535,10
2004-09-08,"A13",1.355,10
2004-09-09,"A5",1.35,10
2004-09-09,"RA1",1.92,5
2004-09-09,"RA2",2.16,10
2004-09-09,"RA3",1.465,10
2004-09-21,"B3",5.995,10
2004-10-11,"B7",2.265,10
2004-11-01,"C14",1.455,10
2004-11-01,"GA1",2.81,10
2004-11-02,"B3",1.16,10
2004-11-02,"C3",2.135,10
2004-11-03,"RA1",1.295,5
2004-11-03,"RA2",1.225,10
2004-11-03,"RA3",1.17,10
2004-11-04,"A13",0.9475,15
2004-11-04,"A5",0.8475,15
2004-12-01,"B7",0.905,10
2005-01-18,"A13",-0.11,10
2005-01-18,"A5",-0.04,10
2005-01-19,"B3",0.285,10
2005-02-16,"A13",-0.105,10
2005-02-16,"A5",-0.07,10
2005-02-17,"B3",0.205,10
2005-02-17,"C3",0.19,10
2005-02-18,"C14",0.125,10
2005-03-10,"B7",0.27,10
2005-03-21,"C3",0.57,10
2005-03-21,"GA1",0.875,10
2005-03-22,"C14",2.12,10
2005-04-14,"B7",7.21,10
2005-04-18,"C14",3.98,10
2005-04-18,"GA1",5.33,10
2005-04-19,"B3",6.32,10
2005-04-19,"C3",4.67,10
2005-04-20,"A13",0.575,10
2005-05-02,"B3",4.63,10
2005-05-10,"A5",0.89,10
2005-05-11,"B7",3.91,10
2005-05-23,"C3",1.615,10
2005-05-23,"GA1",2.215,10
2005-05-24,"B3",2.79,10
2005-05-24,"C14",1.84,10
2005-05-25,"RA1",0.605,5
2005-05-25,"RA2",1.19,10
2005-05-25,"RA3",0.88,10
2005-05-26,"A13",2.175,10
2005-06-13,"C14",2.245,10
2005-06-13,"GA1",3.74,10
2005-06-14,"B7",2.155,10
2005-06-14,"C3",2.495,10
2005-06-15,"RA1",2.925,5
2005-06-15,"RA2",2.25,10
2005-06-15,"RA3",1.975,10
2005-06-16,"A13",2.13,10
2005-06-16,"A5",2.205,10
2005-08-01,"C14",2.965,10
2005-08-02,"B3",1.925,10
2005-08-02,"C3",3.635,10
2005-08-03,"RA1",2.805,5
2005-08-03,"RA2",1.625,10
2005-08-03,"RA3",1.17,10
2005-08-04,"A13",1.605,10
2005-08-04,"A5",0.77,10
2005-08-16,"B7",1.195,10
2005-09-12,"C14",2.105,10
2005-09-12,"GA1",1.825,10
2005-09-13,"B3",2.53,10
2005-09-13,"C3",1.505,10
2005-09-14,"A5",1.04,10
2005-09-14,"RA1",3.07,5
2005-09-14,"RA2",1.675,10
2005-09-14,"RA3",1.41,10
2005-09-15,"A13",1.565,10
2005-10-03,"B7",3.23,10
2005-10-20,"B3",1.98,10
2005-11-07,"GA1",2.405,10
2005-11-08,"B7",1.4,10
2005-11-08,"C14",2.015,10
2005-11-08,"C3",1.31,10
2005-11-09,"RA1",1.78,5
2005-11-09,"RA2",2.16,10
2005-11-09,"RA3",1.665,10
2005-12-02,"A13",0.275,10
2005-12-03,"A5",0.315,10
2006-01-23,"C14",0.195,10
2006-01-23,"C3",0.16,10
2006-01-24,"A5",0.04,10
2006-02-20,"C14",0.72,10
2006-02-20,"C3",0.41,10
2006-02-21,"GA1",0.355,10
2006-02-24,"B7",0.86,10
2006-03-02,"B3",0.29,10
2006-03-10,"B3",0.62,10
2006-03-14,"B7",0.9,10
2006-03-17,"A13",0.34,10
2006-03-17,"A5",0.175,10
2006-04-03,"B3",2.85,10
2006-04-24,"C14",6.805,10
2006-04-24,"GA1",3.255,10
2006-04-25,"C3",6.705,10
2006-04-26,"B7",5.72,10
2006-04-27,"A1",1.435,10
2006-05-09,"B3",4.635,10
2006-05-22,"C14",4.42,10
2006-05-23,"B7",3.095,10
2006-05-23,"C3",4.32,10
2006-05-24,"RA1",1.97,5
2006-05-24,"RA2",1.715,10
2006-05-24,"RA3",1.64,10
2006-05-25,"A13",1.215,10
2006-05-25,"A5",2.62,10
2006-06-05,"C14",1.735,10
2006-06-05,"GA1",2.625,10
2006-06-06,"B3",2.475,10
2006-06-06,"C3",2.3,10
2006-06-07,"RA1",2.335,5
2006-06-07,"RA2",2.365,10
2006-06-07,"RA3",3.505,10
2006-06-08,"A13",2.455,10
2006-06-08,"A5",3.165,10
2006-06-16,"B7",2.435,10
2006-06-26,"C14",1.865,10
2006-06-27,"B3",3.005,10
2006-06-27,"C3",1.305,10
2006-06-28,"A13",3.38,10
2006-06-28,"A5",3.845,10
2006-07-19,"C3",1.335,10
2006-07-31,"C14",1.815,10
2006-07-31,"GA1",2.005,10
2006-08-01,"B7",1.675,10
2006-08-01,"C3",1.045,10
2006-08-02,"RA1",1.875,5
2006-08-02,"RA2",1.435,10
2006-08-02,"RA3",1.4,10
2006-08-03,"A13",1.315,10
2006-08-03,"A5",0.775,10
2006-08-15,"B3",1.375,10
2006-08-15,"C3",1.355,10
2006-09-02,"GA1",2.21,10
2006-09-03,"C14",1.235,10
2006-09-03,"C3",1.395,10
2006-09-05,"A13",1.36,10
2006-09-05,"B7",2.005,10
2006-09-06,"A5",2.685,10
2006-09-06,"SE1",1.605,10
2006-09-06,"SE2",2.49,10
2006-09-06,"SK1",4.875,10
2006-09-06,"SK2",4.01,10
2006-09-06,"TR1",3.415,10
2006-09-06,"TR2",3.855,10
2006-09-07,"GU1",2.66,10
2006-09-07,"RA1",2.2,5
2006-09-07,"RA2",1.275,10
2006-09-07,"RA3",1.04,10
2006-09-07,"RA4",2.87,10
2006-09-08,"BA1",0.985,10
2006-09-08,"BA2",1.11,10
2006-09-08,"HF1",1.375,10
2006-09-08,"HF2",1.305,10
2006-09-09,"BJ1",2.155,10
2006-09-09,"BJ2",2.39,10
2006-09-09,"VS1",2.325,10
2006-09-09,"VS2",1.75,10
2006-10-02,"B3",2.215,10
2006-10-18,"B7",0.47,10
2006-11-06,"C14",1.295,10
2006-11-06,"GA1",1.875,10
2006-11-07,"B3",1.05,10
2006-11-07,"C3",2.145,10
2006-11-08,"RA2",2.525,10
2006-11-08,"RA3",2.525,10
2006-11-09,"A13",0.89,10
2006-11-09,"A5",0.83,10
2006-11-28,"RA1",0.855,5
2006-12-04,"C14",1.085,10
2006-12-05,"B7",0.71,10
2006-12-05,"C3",0.85,10
2006-12-06,"A13",0.535,10
2006-12-06,"A5",0.555,10
2007-01-15,"C14",0.335,10
2007-01-15,"C3",0.28,10
2007-01-16,"B7",0.48,10
2007-01-16,"GA1",0.29,10
2007-01-31,"A13",0.215,10
2007-01-31,"A5",0.2,10
2007-02-12,"C14",0.35,10
2007-02-13,"C3",0.375,10
2007-02-21,"B3",0.525,10
2007-03-01,"B7",0.405,10
2007-03-06,"B3",0.29,10
2007-03-09,"A13",0.32,10
2007-03-09,"A5",0.295,10
2007-03-12,"RA1",0.02,5
2007-03-12,"RA2",0.1,10
2007-03-12,"RA3",0.1,10
2007-03-23,"B7",0.92,10
2007-03-26,"C3",1.27,10
2007-03-27,"C14",1.75,10
2007-04-23,"C14",7.62,10
2007-04-23,"GA1",7.775,10
2007-04-24,"B3",6.575,10
2007-04-24,"C3",8.355,10
2007-04-25,"A13",0.925,10
2007-04-25,"A5",2.045,10
2007-05-10,"B7",5.46,10
2007-05-21,"C14",2.78,10
2007-05-21,"C3",2.83,10
2007-05-22,"B3",5.6,10
2007-05-23,"RA1",0.795,5
2007-05-23,"RA2",0.97,10
2007-05-23,"RA3",1.64,10
2007-05-24,"A13",2.425,10
2007-05-24,"A5",2.425,10
2007-06-04,"C14",1.13,10
2007-06-04,"GA1",1.51,10
2007-06-05,"B7",1.615,10
2007-06-05,"C3",1.39,10
2007-06-06,"RA1",1.365,5
2007-06-06,"RA2",1.645,10
2007-06-06,"RA3",1.22,10
2007-06-07,"A13",2.205,10
2007-06-07,"A5",1.74,10
2007-06-19,"B3",1.77,10
2007-06-25,"C14",0.725,10
2007-06-25,"C3",0.89,10
2007-06-26,"B7",1.675,10
2007-06-27,"A13",3.085,10
2007-06-27,"A5",5.745,10
2007-07-30,"C14",1.385,10
2007-07-30,"C3",1.195,10
2007-07-31,"B3",1.76,10
2007-07-31,"GA1",1.535,10
2007-08-01,"RA1",2.27,5
2007-08-01,"RA2",0.79,10
2007-08-01,"RA3",0.88,10
2007-08-02,"A13",1.49,10
2007-08-02,"A5",0.725,10
2007-08-13,"B7",2.185,10
2007-09-24,"C14",1.785,10
2007-09-24,"C3",1.555,10
2007-09-25,"B3",3.055,10
2007-09-25,"GA1",2.27,10
2007-09-26,"A13",1.24,10
2007-09-26,"RA1",3.075,5
2007-09-26,"RA2",2.24,10
2007-09-26,"RA3",1.37,10
2007-09-27,"A5",1.445,10
2007-10-08,"GA1",5.22,10
2007-10-09,"B7",3.3,10
2007-10-10,"RA2",2.215,10
2007-10-23,"B3",2.785,10
2007-11-05,"GA1",2.4,10
2007-11-06,"B7",2.26,10
2007-11-06,"C14",1.5,10
2007-11-06,"C3",1.245,10
2007-11-07,"RA1",1.78,5
2007-11-07,"RA2",2.51,10
2007-11-07,"RA3",2.135,10
2007-11-08,"A13",0.92,10
2007-11-08,"A5",1.06,10
2007-12-03,"C14",0.61,10
2007-12-03,"GA1",0.84,10
2007-12-04,"B3",1.15,10
2007-12-04,"C3",0.92,10
2007-12-05,"A5",0.48,10
2007-12-05,"RA2",0.79,10
2007-12-18,"A13",0.365,10
2008-01-14,"C14",0.605,10
2008-01-14,"C3",0.715,10
2008-01-15,"B3",0.475,10
2008-01-15,"GA1",0.535,10
2008-01-29,"A13",0.185,10
2008-01-30,"A5",0.215,10
2008-02-11,"C14",0.52,10
2008-02-11,"GA1",0.52,10
2008-02-12,"B7",0.375,10
2008-02-12,"C3",0.515,10
2008-02-12,"RA2",0.09,10
2008-02-26,"A13",0.205,10
2008-02-26,"A5",0.2,10
2008-02-27,"B3",0.53,10
2008-03-06,"B7",1.07,10
2008-03-12,"RA1",-0.115,5
2008-03-12,"RA2",-0.015,10
2008-03-25,"C14",0.82,10
2008-03-25,"C3",1.51,10
2008-03-26,"B3",3.58,10
2008-04-21,"C14",7.725,10
2008-04-21,"GA1",8.155,10
2008-04-22,"B7",8.39,10
2008-04-22,"C3",9.115,10
2008-04-23,"A5",0.495,10
2008-04-23,"RA2",0.23,10
2008-04-24,"A13",1.38,10
2008-05-06,"B3",6.36,10
2008-05-19,"C14",6.05,10
2008-05-19,"GA1",4.6,10
2008-05-20,"B7",5.37,10
2008-05-20,"C3",5.295,10
2008-05-21,"RA1",0.34,5
2008-05-21,"RA2",0.615,10
2008-05-22,"A13",2.215,10
2008-05-22,"A5",2.79,10
2008-05-29,"B3",3.945,10
2008-06-09,"C14",1.755,10
2008-06-09,"GA1",2.76,10
2008-06-10,"B7",2.525,10
2008-06-10,"C3",1.68,10
2008-06-11,"RA1",2.9,5
2008-06-11,"RA2",2.755,10
2008-06-12,"A13",2.19,10
2008-06-12,"A5",2.17,10
2008-06-17,"B3",2.225,10
2008-06-23,"C14",1.385,10
2008-06-23,"C3",1.355,10
2008-06-24,"B7",2.275,10
2008-06-24,"GA1",2.44,10
2008-06-25,"A5",2.555,10
2008-06-25,"RA2",3.1,10
2008-06-26,"A13",2.295,10
2008-07-28,"C14",2.52,10
2008-07-28,"C3",2.26,10
2008-07-29,"B3",2.035,10
2008-07-29,"GA1",3.015,10
2008-07-30,"RA1",2.465,5
2008-07-30,"RA2",1.635,10
2008-07-31,"A13",1.285,10
2008-07-31,"A5",0.935,10
2008-08-13,"B7",2.53,10
2008-08-25,"C14",1.955,10
2008-08-25,"GA1",2.6,10
2008-08-26,"B3",4.76,10
2008-08-26,"C3",2.295,10
2008-08-27,"A5",1.17,10
2008-08-27,"RA1",2.095,5
2008-08-27,"RA2",1.41,10
2008-08-28,"A13",1.86,10
2008-10-07,"B7",2.865,10
2008-10-20,"C14",1.885,10
2008-10-21,"C3",2.855,10
2008-10-21,"GA1",2.715,10
2008-11-04,"A13",1.145,10
2008-11-04,"B3",2.085,10
2008-11-05,"A5",1.14,10
2008-11-05,"RA1",1.885,5
2008-11-05,"RA2",2.075,10
2008-12-01,"C14",1.16,10
2008-12-01,"GA1",1.205,10
2008-12-02,"B7",0.75,10
2008-12-02,"C3",1.135,10
2008-12-03,"A13",0.5,10
2008-12-03,"A5",0.46,10
2008-12-03,"RA2",1.11,10
2009-01-12,"C14",0.54,10
2009-01-12,"C3",0.405,10
2009-01-13,"B7",0.6,10
2009-01-13,"GA1",0.33,10
2009-01-14,"A13",0.25,10
2009-01-14,"A5",0.535,10
2009-01-14,"RA2",0.35,10
2009-02-09,"C11",0.39,10
2009-02-10,"B3",0.295,10
2009-02-10,"C14",0.225,10
2009-02-10,"C3",0.22,10
2009-02-10,"GA1",0.465,10
2009-02-25,"B7",1.3,10
2009-03-10,"B3",0.91,10
2009-03-17,"RA1",0.1,5
2009-03-17,"RA2",0.11,10
2009-03-18,"A13",0.16,10
2009-03-18,"A5",0.195,10
2009-03-23,"C11",1.29,10
2009-03-23,"C14",0.84,10
2009-03-24,"B7",0.805,10
2009-03-24,"C3",1.06,10
2009-04-07,"B3",5.74,10
2009-04-20,"C11",10.69,10
2009-04-20,"C14",7.53,10
2009-04-21,"C3",10.955,10
2009-04-21,"GA1",8.205,10
2009-04-22,"A13",0.325,10
2009-04-22,"A5",0.18,10
2009-04-23,"B7",6.135,10
2009-04-30,"RA2",0.31,10
2009-05-07,"B3",4.775,10
2009-05-18,"C11",1.77,10
2009-05-18,"C14",3.09,10
2009-05-19,"B7",2.925,10
2009-05-19,"C3",5.36,10
2009-05-19,"GA1",2.505,10
2009-05-20,"RA1",0.81,5
2009-05-20,"RA2",0.935,10
2009-05-21,"A13",1.505,10
2009-05-21,"A5",2.24,10
2009-05-27,"B3",3.045,10
2009-06-08,"C11",2.055,10
2009-06-08,"C14",1.51,10
2009-06-09,"B7",2.465,10
2009-06-09,"C3",1.84,10
2009-06-09,"GA1",2.08,10
2009-06-10,"A5",3.07,10
2009-06-10,"RA1",2.62,5
2009-06-10,"RA2",1.38,10
2009-06-11,"A13",2.55,10
2009-06-17,"B3",2.705,10
2009-06-22,"C11",1.485,10
2009-06-22,"C14",1.245,10
2009-06-23,"B7",2.33,10
2009-06-23,"C3",1.415,10
2009-06-23,"GA1",2.265,10
2009-06-24,"A5",2.84,10
2009-06-24,"RA2",2.165,10
2009-06-25,"A13",2.315,10
2009-07-27,"C11",2.86,10
2009-07-27,"C14",1.96,10
2009-07-28,"B3",1.395,10
2009-07-28,"C3",2.12,10
2009-07-28,"GA1",5.57,10
2009-07-29,"A5",1.38,10
2009-07-29,"RA1",2.095,5
2009-07-29,"RA2",1.295,10
2009-07-30,"A13",1.605,10
2009-08-14,"B7",2.36,10
2009-08-24,"C11",2.68,10
2009-08-24,"C14",2.305,10
2009-08-25,"B3",3.305,10
2009-08-25,"C3",2.425,10
2009-08-25,"GA1",2.215,10
2009-08-26,"A5",1.83,10
2009-08-26,"RA1",3.01,5
2009-08-26,"RA2",1.425,10
2009-08-27,"A13",2.18,10
2009-09-14,"B7",2.09,10
2009-09-30,"B3",1.86,10
2009-10-19,"C11",2.5,10
2009-10-19,"C14",2.66,10
2009-10-20,"B7",6.865,10
2009-10-20,"C3",2.87,10
2009-10-20,"GA1",3.24,10
2009-10-21,"A5",1.62,10
2009-10-21,"RA1",2.905,5
2009-10-21,"RA2",2.525,10
2009-10-22,"A13",1.445,10
2009-11-30,"C11",0.86,10
2009-11-30,"C14",1.065,10
2009-12-01,"B3",0.95,10
2009-12-01,"C3",1.41,10
2009-12-01,"GA1",1.405,10
2009-12-02,"A5",0.765,10
2009-12-02,"RA2",1.625,10
2009-12-03,"A13",0.59,10
2010-01-19,"B3",0.305,10
2010-01-19,"C14",0.52,10
2010-01-20,"C3",0.47,10
2010-01-20,"GA1",0.305,10
2010-01-29,"RA2",0.325,10
2010-02-16,"GA1",0.345,10
2010-02-25,"B7",0.41,10
2010-03-02,"B3",0.27,10
2010-03-05,"A13",0.13,10
2010-03-05,"A5",0.11,10
2010-03-11,"RA1",0.02,5
2010-03-11,"RA2",0.06,10
2010-03-12,"B7",0.12,10
2010-03-22,"B3",0.075,10
2010-03-23,"A13",0.17,10
2010-03-23,"A5",0.145,5
2010-03-29,"C14",1.005,10
2010-03-29,"C3",0.74,10
2010-04-08,"B7",0.14,10
2010-04-13,"RA2",0.025,10
2010-04-26,"C14",5.495,10
2010-04-26,"C3",7.165,10
2010-04-27,"B3",2.605,10
2010-04-27,"GA1",5.665,10
2010-04-28,"A13",0.835,10
2010-05-04,"B7",4.61,10
2010-05-05,"A5",2.18,10
2010-05-17,"C14",2.745,10
2010-05-17,"GA1",4.525,10
2010-05-18,"B3",7.45,10
2010-05-18,"C3",4.41,10
2010-05-19,"A5",2.11,10
2010-05-19,"RA1",0.915,5
2010-05-19,"RA2",1.655,10
2010-05-20,"A13",1.57,10
2010-05-25,"B7",3.16,10
2010-06-07,"C14",1.77,10
2010-06-07,"GA1",4.345,10
2010-06-08,"C3",1.445,10
2010-06-09,"A13",1.715,10
2010-06-09,"A5",1.9,10
2010-06-09,"RA1",2.725,5
2010-06-09,"RA2",1.29,10
2010-06-10,"B3",2.635,10
2010-06-16,"B7",3.43,10
2010-06-28,"C14",1.05,10
2010-06-28,"GA1",2.025,10
2010-06-29,"B3",4.65,10
2010-06-29,"C3",3.605,10
2010-06-30,"A5",1.755,10
2010-06-30,"RA2",1.68,10
2010-07-01,"A13",4.745,10
2010-08-02,"C14",2.325,10
2010-08-02,"GA1",2.65,10
2010-08-03,"B7",2.585,10
2010-08-03,"C3",1.735,10
2010-08-04,"A5",1.175,10
2010-08-04,"RA1",4.325,5
2010-08-04,"RA2",2.43,10
2010-08-05,"A13",1.51,10
2010-08-19,"B3",2.635,10
2010-08-30,"C14",1.18,10
2010-08-30,"GA1",4.86,10
2010-08-31,"B7",2.715,10
2010-08-31,"C3",2.49,10
2010-09-01,"A5",2.185,10
2010-09-01,"RA1",3.405,5
2010-09-01,"RA2",2.35,10
2010-09-02,"A13",1.855,10
2010-09-22,"B3",3.055,10
2010-10-05,"B7",3.785,10
2010-10-25,"C14",2.6,10
2010-10-25,"C3",3.02,10
2010-10-25,"GA1",2.365,10
2010-10-26,"A13",1.385,10
2010-10-26,"B3",0.965,10
2010-10-27,"A5",1.565,10
2010-10-27,"RA1",2.745,5
2010-10-27,"RA2",3.33,10
2010-12-06,"C14",1.24,10
2010-12-06,"GA1",1.42,10
2010-12-07,"B7",0.92,10
2010-12-07,"C3",1.035,10
2010-12-08,"A5",0.515,10
2010-12-08,"RA2",1.225,10
2010-12-09,"A13",0.465,10
2011-01-17,"GA1",0.3,10
2011-01-18,"C14",0.43,10
2011-01-19,"C3",0.425,10
2011-01-20,"RA2",0.255,10
2011-01-21,"B7",0.3,10
2011-02-23,"B3",2.575,10
2011-02-28,"GA1",0.275,10
2011-03-10,"B7",0.335,10
2011-03-15,"A13",0.28,10
2011-03-15,"A5",0.185,10
2011-03-21,"B3",1.42,10
2011-03-29,"C14",0.795,10
2011-03-29,"C3",1.055,10
2011-03-31,"B7",0.74,10
2011-03-31,"RA1",0.36,5
2011-03-31,"RA2",0.195,10
2011-04-11,"B3",0.38,10
2011-04-25,"C14",8.415,10
2011-04-25,"GA1",6.205,10
2011-04-26,"B7",3.66,10
2011-04-26,"C3",6.71,10
2011-04-27,"A999",3.1,10
2011-04-27,"RA2",0.435,10
2011-04-28,"A13",1.63,10
2011-05-11,"B3",3.47,10
2011-05-16,"C14",1.895,10
2011-05-16,"GA1",4.11,10
2011-05-17,"B7",2.695,10
2011-05-17,"C3",2.7,10
2011-05-18,"A5",2.355,10
2011-05-18,"RA1",1.825,5
2011-05-18,"RA2",1.485,10
2011-05-19,"A13",2.645,10
2011-05-25,"B3",1.825,10
2011-06-06,"C14",1.155,10
2011-06-06,"GA1",1.98,10
2011-06-07,"B7",1.765,10
2011-06-07,"C3",0.97,10
2011-06-08,"A5",2.895,10
2011-06-08,"RA1",5.195,5
2011-06-08,"RA2",1.725,10
2011-06-09,"A13",7.03,10
2011-06-14,"B3",2.275,10
2011-07-04,"C14",1.46,10
2011-07-04,"C3",1.255,10
2011-07-04,"SHK5",1.6925,5.5
2011-07-04,"SId5",3.13,5.5
2011-07-04,"SId6",2.58,2
2011-07-04,"SSU5",2.115,5.5
2011-07-04,"SSU6",2.7975,4.5
2011-07-04,"SSk5",1.88,8
2011-07-04,"SSk6",2.535,10
2011-07-04,"SSt5",2.07,5.5
2011-07-04,"SSt6",2.1825,5.5
2011-07-05,"B7",1.735,10
2011-07-05,"GA1",1.94,10
2011-07-05,"SBa5",1.98,5.5
2011-07-05,"SBa6",1.71,5.5
2011-07-05,"SDo5",2.54,5.5
2011-07-05,"SDo6",2.155,5.5
2011-07-05,"SGe5",2.08,5.5
2011-07-05,"SGe6",2.15,5.5
2011-07-05,"SHK6",1.7775,5.5
2011-07-05,"SHo5",2.94,5.5
2011-07-05,"SHo6",3.09,5.5
2011-07-05,"SNB5",1.5,5.5
2011-07-05,"SNB6",1.55,5.5
2011-07-05,"SNa5",2.3325,5.5
2011-07-05,"SNa6",2.265,5.5
2011-07-05,"SNf5",2.1425,5
2011-07-05,"SNf6",2.16666666666667,4
2011-07-05,"SNo5",1.8575,5.5
2011-07-05,"SNo6",1.245,5.5
2011-07-06,"A5",1.405,10
2011-07-06,"RA2",2.25,10
2011-07-06,"SDv3",3.165,2
2011-07-06,"SFj5",2.0075,5.5
2011-07-06,"SFj6",2.155,5.5
2011-07-06,"SOS3",2.615,2
2011-07-06,"SOf1",1.76,10
2011-07-06,"SVS3",2.515,3
2011-07-07,"A13",1.815,10
2011-07-07,"SDj3",1.71,2
2011-07-07,"SGu1",2.46,8
2011-07-07,"SLi1",2.82,1
2011-07-07,"SLj3",2.85,2
2011-07-07,"SMe3",6.015,2
2011-07-07,"SOl5",12.715,2
2011-07-07,"SOl6",3.645,2
2011-07-07,"SPa3",2.31,5
2011-07-18,"SId7",2.56,3
2011-07-18,"SId8",3.3575,4
2011-07-18,"SNB7",1.965,5.5
2011-07-18,"SSU7",2.48,5.5
2011-07-18,"SSU8",2.6625,5.5
2011-07-18,"SSk7",2.255,10
2011-07-18,"SSk8",2.955,10
2011-07-18,"SSt7",2.64,5.5
2011-07-18,"SSt8",2.04,5.5
2011-07-19,"SDo7",2.47,5.5
2011-07-19,"SDo8",2.315,3.5
2011-07-19,"SGe7",10.505,2.5
2011-07-19,"SGe8",2.16,5.5
2011-07-19,"SHK7",2.235,5.5
2011-07-19,"SHK8",2.05,5.5
2011-07-19,"SNo7",1.5775,5.5
2011-07-19,"SNo8",2.0575,5.5
2011-07-20,"SBa7",2.3775,5.5
2011-07-20,"SBa8",2.625,5.5
2011-07-20,"SMe4",6.375,2
2011-07-20,"SNB8",1.8725,5.5
2011-07-20,"SNa7",1.975,5.5
2011-07-20,"SNa8",2.0375,5.5
2011-07-20,"SNf7",1.6625,5.5
2011-07-20,"SNf8",1.62,5.5
2011-07-21,"SDj4",2.85,3
2011-07-21,"SDv4",3.545,3
2011-07-21,"SFj7",2.27,5.5
2011-07-21,"SFj8",2.3975,5.5
2011-07-21,"SGu1",2.37,8
2011-07-21,"SHo7",1.5425,5.5
2011-07-21,"SHo8",1.845,5.5
2011-07-21,"SLi1",4.24,1
2011-07-21,"SLj4",2.725,2
2011-07-21,"SOS4",7.805,7
2011-07-21,"SOf1",2.07,10
2011-07-21,"SPa4",2.86,5
2011-07-21,"SVS4",2.72,3
2011-07-22,"SOl7",6.375,4
2011-07-22,"SOl8",7.425,3
2011-08-01,"C14",2.16,10
2011-08-01,"C3",2.03,10
2011-08-01,"SBa10",1.6775,5.5
2011-08-01,"SBa9",1.9225,4.5
2011-08-01,"SId10",3.145,5.5
2011-08-01,"SId9",3.635,4.5
2011-08-01,"SSU10",2.8875,5.5
2011-08-01,"SSU9",2.915,4
2011-08-01,"SSk10",2.51,10
2011-08-01,"SSk9",2.92,10
2011-08-01,"SSt10",3.1875,5.5
2011-08-01,"SSt9",4.015,5.5
2011-08-02,"B3",1.285,10
2011-08-02,"GA1",2.01,10
2011-08-02,"SDo10",2.7325,5.5
2011-08-02,"SDo9",2.895,5.5
2011-08-02,"SGe10",2.4925,5.5
2011-08-02,"SGe9",1.655,1.5
2011-08-02,"SHK10",1.37,5.5
2011-08-02,"SHK9",1.355,5.5
2011-08-02,"SHo10",1.23,5.5
2011-08-02,"SHo9",1.3125,5.5
2011-08-02,"SNB10",2.1525,5.5
2011-08-02,"SNB9",1.7775,5.5
2011-08-02,"SNa10",4.2025,4.5
2011-08-02,"SNa9",5.7025,5.5
2011-08-02,"SNf10",3.095,5
2011-08-02,"SNf9",2.5825,5.5
2011-08-02,"SNo10",1.9025,5.5
2011-08-02,"SNo9",0.99,5.5
2011-08-03,"A5",0.975,10
2011-08-03,"RA1",2.78,5
2011-08-03,"RA2",2.085,10
2011-08-03,"SDj5",1.855,2
2011-08-03,"SFj10",1.8625,5.5
2011-08-03,"SFj9",1.605,5.5
2011-08-03,"SLi1",4.49,1
2011-08-03,"SLj5",2.465,2
2011-08-03,"SOf1",2.06,10
2011-08-03,"SOl10",6.635,4
2011-08-03,"SOl9",4.415,3
2011-08-03,"SPa5",1.495,4
2011-08-04,"A13",0.9,10
2011-08-04,"SDv5",2.725,3
2011-08-04,"SGu1",2.105,8
2011-08-04,"SMe5",13.355,2
2011-08-04,"SOS5",1.825,2
2011-08-04,"SVS5",1.975,2
2011-08-23,"B7",4.31,10
2011-09-05,"C14",2.575,10
2011-09-06,"B3",3.915,10
2011-09-06,"C3",2.11,10
2011-09-06,"GA1",2.56,10
2011-09-07,"A5",2.805,10
2011-09-07,"RA1",5.93,5
2011-09-07,"RA2",3.63,10
2011-09-08,"A13",2.29,10
2011-09-21,"B7",2.86,10
2011-10-05,"B3",1.495,10
2011-10-24,"C14",3.49,10
2011-10-24,"GA1",3.5,10
2011-10-25,"B7",1.69,10
2011-10-25,"C3",2.79,10
2011-10-26,"A5",1.175,10
2011-10-26,"RA1",0.405,5
2011-10-26,"RA2",1.285,10
2011-10-27,"A13",1.34,10
2011-12-05,"C14",0.88,10
2011-12-05,"GA1",0.23,10
2011-12-06,"B3",0.65,10
2011-12-06,"C3",0.81,10
2011-12-07,"A5",0.73,10
2011-12-07,"RA2",0.665,10
2011-12-08,"A13",0.41,10
2012-01-16,"C14",0.38,10
2012-01-16,"GA1",0.35,10
2012-01-17,"B3",0.56,10
2012-01-17,"C3",0.455,10
2012-01-18,"A13",0.34,10
2012-01-18,"A5",0.335,10
2012-01-18,"RA2",0.31,10
2012-02-13,"C14",0.59,10
2012-02-13,"C3",0.46,10
2012-02-14,"B7",0.23,10
2012-02-14,"GA1",0.41,10
2012-03-01,"B3",0.505,10
2012-03-14,"B7",0.845,10
2012-03-20,"A13",0.175,10
2012-03-20,"A5",0.305,10
2012-03-20,"RA1",0.03,5
2012-03-20,"RA2",0.14,10
2012-04-12,"B7",7.41,10
2012-04-23,"C14",5.21,10
2012-04-23,"GA1",8.295,10
2012-04-24,"B3",11.92,10
2012-04-24,"C3",6.565,10
2012-04-25,"A13",1.2,10
2012-04-25,"A5",2.485,10
2012-05-02,"B7",5.715,10
2012-05-07,"C14",7.71,10
2012-05-07,"GA1",8.185,10
2012-05-08,"B3",3.485,10
2012-05-08,"C3",6.61,10
2012-05-09,"A5",2.355,10
2012-05-09,"RA1",0.62,5
2012-05-09,"RA2",1.075,10
2012-05-10,"A13",1.575,10
2012-05-22,"B7",3.82,10
2012-06-04,"C14",2.315,10
2012-06-04,"GA1",4.315,10
2012-06-05,"B3",3.68,10
2012-06-05,"C3",2.735,10
2012-06-06,"A5",2.015,10
2012-06-06,"RA1",2.095,5
2012-06-06,"RA2",2.48,10
2012-06-07,"A13",2.695,10
2012-06-19,"B7",3.42,10
2012-07-02,"C14",1.55,10
2012-07-02,"GA1",3.075,10
2012-07-03,"B3",3.165,10
2012-07-03,"C3",2.29,10
2012-07-04,"A5",2.435,10
2012-07-04,"RA2",4.99,10
2012-07-05,"A13",3.115,10
2012-07-30,"C14",2.035,10
2012-07-30,"GA1",2.625,10
2012-07-31,"B7",2.09,10
2012-07-31,"C3",2.385,10
2012-08-01,"A5",1.755,10
2012-08-01,"RA1",4.555,5
2012-08-01,"RA2",2.68,10
2012-08-02,"A13",2.29,10
2012-08-20,"B3",2.33,10
2012-08-27,"C14",2.17,10
2012-08-27,"GA1",3.66,10
2012-08-28,"B7",3.495,10
2012-08-28,"C3",2.245,10
2012-08-29,"A5",1.735,10
2012-08-29,"RA1",3.95,5
2012-08-29,"RA2",1.47,10
2012-08-30,"A13",1.985,10
2012-09-11,"B3",3.645,10
2012-10-02,"B7",5.02333333333333,10
2012-10-22,"C14",2.62,10
2012-10-22,"GA1",4.18333333333333,10
2012-10-23,"B3",2.64333333333333,10
2012-10-23,"C3",4.10333333333333,10
2012-10-24,"RA1",1.76333333333333,5
2012-10-24,"RA2",2.07333333333333,10
2012-10-25,"A13",1.68,10
2012-12-03,"GA1",0.99,10
2012-12-04,"B7",0.86,10
2012-12-04,"C14",1.28666666666667,10
2012-12-04,"C3",1.72333333333333,10
2012-12-22,"A5",0.683333333333333,10
2012-12-23,"A13",0.476666666666667,10
2013-01-14,"C14",0.803333333333333,10
2013-01-14,"C3",0.823333333333333,10
2013-01-15,"B7",0.35,10
2013-01-15,"GA1",0.486666666666667,10
2013-01-15,"RA2",0.416666666666667,10
2013-01-16,"A13",0.383333333333333,10
2013-02-11,"C14",0.546666666666667,10
2013-02-11,"C3",0.526666666666667,10
2013-02-12,"GA1",0.666666666666667,10
2013-02-20,"A13",0.4,10
2013-02-20,"A5",0.32,10
2013-02-26,"B3",1.335,10
2013-03-13,"A5",0.28,10
2013-03-14,"B7",0.465,10
2013-03-21,"RA1",0.14,5
2013-03-21,"RA2",0.22,10
2013-03-26,"B3",3.01,10
2013-04-11,"B7",3.035,10
2013-04-18,"RA2",0.205,10
2013-04-22,"C3",8.22,10
2013-04-22,"GA1",3.95,10
2013-04-23,"A13",0.855,10
2013-04-23,"B3",5.3,10
2013-04-24,"C14",7.19,10
2013-05-07,"B7",5.18,10
2013-05-20,"C14",1.87,10
2013-05-20,"GA1",4.595,10
2013-05-21,"B3",2.94,10
2013-05-21,"C3",2.76,10
2013-05-22,"KA1",1.38,5
2013-05-22,"KA2",1.46,10
2013-05-22,"KA3",1.87,10
2013-05-22,"KA4",2.615,10
2013-05-22,"RA1",0.805,5
2013-05-22,"RA2",1.83,10
2013-05-22,"RA3",1.315,10
2013-05-23,"A13",2.915,10
2013-05-23,"A5",2.385,10
2013-05-30,"B7",4.33,10
2013-06-03,"C14",1.38,10
2013-06-03,"C3",1.635,10
2013-06-03,"GA1",3.555,10
2013-06-04,"B3",3.72,10
2013-06-05,"KA1",1.775,5
2013-06-05,"KA2",1.425,10
2013-06-05,"KA3",1.635,10
2013-06-05,"KA4",2.005,10
2013-06-05,"RA1",3.555,5
2013-06-05,"RA2",3.145,10
2013-06-05,"RA3",2.255,10
2013-06-05,"RA5",1.95,10
2013-06-06,"A13",2.585,10
2013-06-06,"A5",2.8,10
2013-06-27,"B7",2.705,10
2013-07-15,"C14",1.83,10
2013-07-15,"GA1",3.34,10
2013-07-16,"B3",1.785,10
2013-07-16,"C3",2.605,10
2013-07-17,"A13",3.205,10
2013-07-18,"A5",2.305,10
2013-07-18,"RA2",2.83,10
2013-08-12,"C14",3.145,10
2013-08-12,"GA1",4.745,10
2013-08-13,"B7",2.635,10
2013-08-13,"C3",3.385,10
2013-08-14,"A5",1.64,10
2013-08-14,"RA1",3.875,5
2013-08-14,"RA2",3.145,10
2013-08-15,"A13",1.97,10
2013-08-27,"B3",2.76,10
2013-09-10,"SD1",9.81,5
2013-09-10,"SD2",5.97,10
2013-09-10,"SD3",5.37,10
2013-09-10,"SG1",5.985,10
2013-09-10,"SG2",8.275,8
2013-09-10,"SG3",4.995,10
2013-09-11,"KD1",1.955,10
2013-09-11,"KD2",1.98,10
2013-09-11,"KD3",1.84,10
2013-09-11,"KG1",2.985,5
2013-09-11,"KG2",1.695,10
2013-09-11,"KG3",1.69,10
2013-09-12,"B7",3.36,10
2013-09-12,"OD1",8.2,10
2013-09-12,"OD2",7.96,10
2013-09-12,"OD3",7.84,10
2013-09-12,"OG1",4.38,10
2013-09-12,"OG2",5.76,10
2013-09-12,"OG3",4.245,10
2013-09-16,"GA1",3.455,10
2013-09-17,"A13",3.05,10
2013-09-17,"B3",3.405,10
2013-09-18,"A5",2.11,10
2013-09-18,"RA1",5.365,5
2013-09-18,"RA2",5.09,10
2013-10-01,"B7",3.26,10
2013-10-02,"C14",2.495,10
2013-10-02,"C3",3.355,10
2013-10-14,"B3",3.73,10
2013-10-28,"C14",2.7,10
2013-10-29,"B7",2.555,10
2013-10-29,"C3",3.555,10
2013-10-29,"GA1",2.935,10
2013-10-30,"A5",1.48,10
2013-10-30,"RA1",3.38,5
2013-10-30,"RA2",3.915,10
2013-10-31,"A13",1.725,10
2013-12-02,"C14",1.25,10
2013-12-02,"GA1",0.76,10
2013-12-03,"B3",0.695,10
2013-12-03,"C3",1.3,10
2013-12-04,"A5",0.845,10
2013-12-04,"RA2",1.5,10
2013-12-05,"A13",0.75,10
2014-01-13,"GA1",0.595,10
2014-01-14,"C14",0.555,10
2014-01-14,"C3",0.655,10
2014-01-15,"A13",0.42,10
2014-01-15,"B3",0.61,10
2014-01-16,"A5",0.445,10
2014-01-16,"RA2",0.435,10
2014-02-10,"C14",0.525,10
2014-02-11,"C3",0.555,10
2014-02-11,"GA1",0.52,10
2014-02-13,"B7",0.365,10
2014-02-26,"A13",0.28,10
2014-02-27,"B3",4.095,10
2014-03-11,"B7",1.01,10
2014-03-12,"RA1",0.21,5
2014-03-12,"RA2",0.395,10
2014-03-24,"B3",1.515,10
2014-03-26,"A5",0.61,10
2014-04-09,"B7",9.685,10
2014-04-22,"A13",1.315,10
2014-04-22,"A5",1.89,10
2014-04-22,"RA2",1.085,10
2014-04-23,"B3",6.745,10
2014-04-23,"C14",11.355,10
2014-04-23,"C3",8.135,10
2014-04-24,"GA1",8.51,10
2014-05-05,"B7",4.245,10
2014-05-19,"B3",4.375,10
2014-05-19,"GA1",1.755,10
2014-05-20,"C14",2.245,10
2014-05-20,"C3",2.375,10
2014-05-21,"A5",1.89,10
2014-05-21,"RA1",1.2,5
2014-05-21,"RA2",1.46,10
2014-05-22,"A13",1.875,10
2014-06-02,"C14",2.29,10
2014-06-02,"GA1",3.385,10
2014-06-03,"B7",2.86,10
2014-06-03,"C3",2.41,10
2014-06-04,"A5",5.65,10
2014-06-04,"RA1",2.745,5
2014-06-04,"RA2",2.2,10
2014-06-05,"A13",2.335,10
2014-06-12,"B3",3.115,10
2014-06-30,"B7",2.015,10
2014-06-30,"GA1",3.175,10
2014-07-01,"C14",1.96,10
2014-07-01,"C3",2.25,10
2014-07-02,"A5",4.57,10
2014-07-02,"RA2",3.715,10
2014-07-03,"A13",2.39,10
2014-07-28,"B3",2.065,10
2014-07-28,"C3",1.91,10
2014-07-29,"C14",2.045,10
2014-07-29,"GA1",2.985,10
2014-07-30,"A5",1.7,10
2014-07-30,"RA1",3.985,5
2014-07-30,"RA2",2.555,10
2014-07-31,"A13",2.255,10
2014-08-14,"B7",3.68,10
2014-08-27,"B3",3.54,10
2014-09-08,"B7",2.89,10
2014-09-08,"GA1",2.14,10
2014-09-09,"C14",2.235,10
2014-09-09,"C3",2.715,10
2014-09-10,"A5",3.005,10
2014-09-10,"RA1",3.585,5
2014-09-10,"RA2",2.575,10
2014-09-11,"A13",3.08,10
2014-09-25,"B3",1.965,10
2014-10-09,"B7",2.48,10
2014-10-20,"B3",2.815,10
2014-10-20,"GA1",3.36,10
2014-10-21,"C14",2.265,10
2014-10-21,"C3",2.16,10
2014-10-22,"A5",1.38,10
2014-10-22,"RA1",2.28,5
2014-10-22,"RA2",3.11,10
2014-10-23,"A13",1.45,10
2014-12-01,"B7",1.265,10
2014-12-01,"GA1",1.625,10
2014-12-02,"A13",0.6,10
2014-12-03,"A5",0.73,10
2014-12-03,"RA2",0.935,10
2015-01-12,"B7",0.635,10
2015-01-12,"GA1",0.38,10
2015-01-13,"C14",0.47,10
2015-01-13,"C3",0.505,10
2015-01-14,"A5",0.435,10
2015-01-14,"RA2",0.495,10
2015-01-15,"A13",0.4,10
2015-02-09,"B3",0.425,10
2015-02-09,"GA1",0.535,10
2015-02-10,"C14",0.425,10
2015-02-10,"C3",0.72,10
2015-02-11,"A5",0.365,10
2015-02-11,"RA1",0.28,5
2015-02-11,"RA2",0.375,10
2015-02-12,"A13",0.345,10
2015-02-24,"B7",1.025,10
2015-03-09,"B3",1.245,10
2015-03-31,"B7",6.825,10
2015-04-09,"B3",3.355,10
2015-04-20,"B7",8.05,10
2015-04-20,"GA1",2.61,10
2015-04-21,"C14",3.13,10
2015-04-21,"C3",4.73,10
2015-04-22,"A5",0.965,10
2015-04-22,"RA2",0.975,10
2015-04-23,"A13",0.665,10
2015-05-05,"B3",10.715,10
2015-05-18,"B7",5.575,10
2015-05-18,"GA1",4.595,10
2015-05-19,"C14",6.66,10
2015-05-19,"C3",8.675,10
2015-05-20,"A5",1.85,10
2015-05-20,"RA1",0.79,5
2015-05-20,"RA2",1.94,10
2015-05-21,"A13",2.685,10
2015-05-26,"B3",4.52,10
2015-06-01,"B7",3.205,10
2015-06-02,"A13",2.38,10
2015-06-02,"A5",2.74,10
2015-06-02,"RA1",2.125,5
2015-06-02,"RA2",3.435,10
2015-06-03,"GA1",4.31,10
2015-06-04,"C14",3.765,10
2015-06-04,"C3",4.375,10
2015-06-15,"B3",2.6,10
2015-06-29,"B7",2.44,10
2015-07-08,"SBa15",4.725,9
2015-07-08,"SBa16",4.99,10
2015-07-08,"SId15",4.01,5
2015-07-08,"SId16",5.925,10
2015-07-09,"SBo5",1.66,10
2015-07-09,"SBo6",2.58,10
2015-07-09,"SMj7",2.655,10
2015-07-09,"SMj8",3.53,10
2015-07-09,"SMj9",3.765,10
2015-07-09,"SSo3",5.62,5
2015-07-10,"SNo15",3.225,10
2015-07-10,"SNo16",3.965,10
2015-07-14,"A13",2.03,10
2015-07-14,"A5",1.76,10
2015-07-14,"RA2",2.025,10
2015-07-15,"C14",2.995,10
2015-07-15,"C3",2.31,10
2015-07-28,"SBa17",5.055,10
2015-07-28,"SBa18",4.3,10
2015-07-28,"SId17",5.68,5
2015-07-28,"SId18",4.605,10
2015-07-29,"SMj10",3.92,10
2015-07-29,"SMj11",3.335,10
2015-07-29,"SMj12",2.975,10
2015-07-29,"SNo17",2.325,10
2015-07-29,"SNo18",2.615,10
2015-07-29,"SSo4",10.115,5
2015-07-30,"SBo7",1.745,10
2015-07-30,"SBo8",2.21,10
2015-08-03,"B3",2.3,10
2015-08-03,"GA1",2.455,10
2015-08-04,"C14",1.785,10
2015-08-04,"C3",1.925,10
2015-08-05,"A5",1.855,10
2015-08-05,"RA1",3.74,5
2015-08-05,"RA2",1.855,10
2015-08-06,"A13",2.635,10
2015-08-10,"SBa19",4.635,10
2015-08-10,"SBa20",5.385,10
2015-08-10,"SId19",3.415,10
2015-08-10,"SId20",2.4,10
2015-08-11,"SMj13",2.5,10
2015-08-11,"SMj14",2.145,10
2015-08-11,"SMj15",2.59,10
2015-08-11,"SNo19",1.635,10
2015-08-11,"SNo20",1.985,10
2015-08-11,"SSo5",12.465,5
2015-08-12,"SBo10",3.005,10
2015-08-12,"SBo9",3.225,10
2015-08-19,"B7",2.045,10
2015-09-08,"B3",2.24,10
2015-09-09,"GA1",3.42,10
2015-09-24,"B7",3.805,10
2015-10-05,"B3",0.935,10
2015-10-05,"GA1",1.005,10
2015-10-06,"C14",2.815,10
2015-10-06,"C3",2.845,10
2015-10-07,"A5",2.49,10
2015-10-07,"RA1",2.81,5
2015-10-07,"RA2",3.11,10
2015-10-08,"A13",1.93,10
2015-11-04,"B7",3.1475,10
2015-11-30,"B3",1.2625,10
2015-11-30,"GA1",1.1475,10
2015-12-01,"C14",1.235,10
2015-12-01,"C3",1.1875,10
2015-12-02,"A5",0.785,10
2015-12-02,"RA1",1.345,5
2015-12-02,"RA2",1.265,10
2015-12-03,"A13",0.6425,10
2016-01-25,"B3",0.525,10
2016-01-25,"GA1",0.515,10
2016-01-26,"C14",0.695,10
2016-01-26,"C3",0.58,10
2016-01-27,"A5",0.4,10
2016-01-27,"RA2",0.43,10
2016-01-28,"A13",0.36,10
2016-02-22,"B3",0.715,10
2016-02-22,"GA1",0.6,10
2016-02-23,"C14",0.535,10
2016-02-23,"C3",0.75,10
2016-02-24,"A13",0.325,10
2016-02-24,"A5",0.365,10
2016-03-16,"B7",1.455,10
2016-03-22,"RA1",0.245,5
2016-03-22,"RA2",0.23,10
2016-03-30,"B3",3.325,10
2016-04-12,"B7",4.595,10
2016-04-18,"B3",6.825,10
2016-04-18,"GA1",5.46,10
2016-04-19,"C14",7.905,10
2016-04-19,"C3",6.18,10
2016-04-20,"A13",0.8275,10
2016-04-20,"A5",2.75,10
2016-05-02,"B7",4.47,10
2016-05-09,"B3",3.28,10
2016-05-09,"GA1",2.49,10
2016-05-10,"C14",2.23,10
2016-05-10,"C3",3.715,10
2016-05-11,"A5",1.155,10
2016-05-11,"RA1",0.635,5
2016-05-11,"RA2",1.83,10
2016-05-12,"A13",2.68,10
2016-05-24,"B7",4.625,10
2016-05-31,"RA2",2.605,10
2016-06-13,"B3",2.62,10
2016-06-13,"GA1",3.84,10
2016-06-14,"C14",1.66,10
2016-06-14,"C3",2.615,10
2016-06-15,"A5",1.445,10
2016-06-15,"RA1",3.65,5
2016-06-15,"RA2",1.995,10
2016-06-16,"A13",2.275,10
2016-06-28,"B7",4.525,10
2016-07-04,"SBa25",2.96,10
2016-07-04,"SBa26",2.305,10
2016-07-04,"SId25",4.05,5
2016-07-04,"SId26",4.44,10
2016-07-05,"SNo25",2.44,10
2016-07-05,"SNo26",3.105,10
2016-07-05,"SSo8",5.69,5
2016-07-18,"B3",3,10
2016-07-18,"GA1",3.285,10
2016-07-19,"C14",2.805,10
2016-07-19,"C3",2.47,10
2016-07-20,"A5",3.22,10
2016-07-20,"RA2",2.245,10
2016-07-21,"A13",3.81,10
2016-07-25,"SBa27",3.24,5
2016-07-25,"SBa28",3.075,10
2016-07-25,"SId27",3.325,5
2016-07-25,"SId28",3.665,10
2016-07-26,"SNo27",1.6,10
2016-07-26,"SNo28",2.26,10
2016-07-26,"SSo9",13.565,5
2016-08-15,"C14",1.775,10
2016-08-15,"C3",1.975,10
2016-08-16,"B7",2.73,10
2016-08-16,"GA1",3.865,10
2016-08-17,"A5",1.84,10
2016-08-17,"RA1",6.46,5
2016-08-17,"RA2",2.535,10
2016-08-18,"A13",2.61,10
2016-08-22,"SBa29",3.515,10
2016-08-22,"SBa30",3.415,10
2016-08-22,"SId29",4.085,10
2016-08-22,"SId30",3.275,10
2016-08-23,"SNo29",2.525,10
2016-08-23,"SNo30",2.155,10
2016-08-23,"SSo10",12.86,5
2016-09-01,"B3",4.115,10
2016-09-12,"B7",2.78,10
2016-09-12,"GA1",2.645,10
2016-09-13,"C14",2.515,10
2016-09-13,"C3",3.125,10
2016-09-14,"A5",2.54,10
2016-09-14,"RA1",4.085,5
2016-09-14,"RA2",3.67,10
2016-09-15,"A13",3.155,10
2016-10-03,"B3",2.325,10
2016-10-20,"B7",4.25,10
2016-11-07,"B3",2.36,10
2016-11-07,"GA1",1.675,10
2016-11-09,"A5",1.375,10
2016-11-09,"RA1",1.7,5
2016-11-09,"RA2",1.905,10
2016-11-10,"A13",1.445,10
2016-11-21,"B7",1.89,10
2016-11-22,"C14",1.15,10
2016-11-22,"C3",1.54,10
2016-12-05,"B3",0.575,10
2016-12-05,"GA1",0.935,10
2016-12-06,"C14",1.035,10
2016-12-06,"C3",1.02,10
2016-12-07,"A5",0.665,10
2016-12-07,"RA2",1.02,10
2016-12-08,"A13",0.65,10
2017-01-16,"A13",0.375,10
2017-01-17,"A5",0.515,10
2017-01-17,"RA2",0.415,10
2017-01-18,"B7",0.735,10
2017-01-19,"C14",0.66,10
2017-01-19,"C3",0.665,10
2017-01-19,"GA1",0.62,10
2017-02-13,"B3",0.63,10
2017-02-13,"GA1",0.75,10
2017-02-14,"C14",0.81,10
2017-02-14,"C3",1.08,10
2017-02-15,"A5",0.375,10
2017-02-15,"RA1",0.3,5
2017-02-15,"RA2",0.29,10
2017-03-02,"B7",1.28,10
2017-03-30,"B3",2.125,10
2017-04-11,"B7",9.395,10
2017-04-24,"B3",7.495,10
2017-04-24,"GA1",4.895,10
2017-04-25,"C14",8.15,10
2017-04-25,"C3",7.635,10
2017-04-26,"A13",0.73,10
2017-04-26,"A5",0.7,10
2017-05-10,"B7",3.715,10
2017-05-11,"RA2",1.16,10
2017-05-22,"B3",3.9,10
2017-05-23,"C14",3.63,10
2017-05-23,"GA1",1.405,10
2017-05-31,"C3",2.325,10
2017-06-05,"B7",3.74,10
2017-06-05,"GA1",1.915,10
2017-06-06,"C14",2.295,10
2017-06-06,"C3",2.69,10
2017-06-07,"A5",2.55,10
2017-06-07,"RA1",1.73,5
2017-06-07,"RA2",1.955,10
2017-06-08,"A13",2.6,10
2017-06-22,"B3",3.72,10
2017-07-03,"B7",3.755,10
2017-07-03,"GA1",3.53,10
2017-07-04,"C14",2.17,10
2017-07-04,"C3",2.81,10
2017-07-05,"A5",3.87,10
2017-07-05,"RA1",6.3375,3
2017-07-05,"RA2",3.72,5.5
2017-07-06,"A13",3.96,10
2017-07-31,"B3",2.275,10
2017-07-31,"GA1",3.19,10
2017-08-01,"C14",4.8,10
2017-08-01,"C3",3.975,10
2017-08-02,"A5",2.785,10
2017-08-02,"RA1",3.695,3
2017-08-02,"RA2",2.29,5.5
2017-08-03,"A13",2.84,10
2017-08-16,"B7",3.44,10
2017-08-29,"B3",2.875,10
2017-08-31,"A5",2.845,10
2017-08-31,"RA2",1.9275,5.5
2017-09-01,"A13",2.42,10
2017-09-12,"B7",4.47,10
2017-09-25,"B3",3.185,10
2017-09-25,"GA1",2.445,10
2017-09-26,"C14",2.865,10
2017-09-26,"C3",3.405,10
2017-09-27,"A5",1.855,10
2017-09-27,"RA1",4.3625,3
2017-09-27,"RA2",3.3825,5.5
2017-09-28,"A13",3.395,10
2017-10-10,"B7",2.72,10
2017-10-23,"B3",2.09,10
2017-10-23,"GA1",2.855,10
2017-10-24,"C14",2.105,10
2017-10-24,"C3",2.99,10
2017-10-25,"A5",1.54,10
2017-10-25,"RA1",4.235,3
2017-10-25,"RA2",4.365,5.5
2017-10-26,"A13",1.38,10
2017-11-15,"B7",1.47,10
2017-12-04,"B3",0.96,10
2017-12-04,"GA1",1.205,10
2017-12-05,"C14",0.905,10
2017-12-05,"C3",1.23,10
2017-12-06,"A5",0.78,10
2017-12-06,"RA2",1.745,10
2017-12-07,"A13",0.78,10
2018-01-16,"A13",0.42,10
2018-01-17,"A5",0.58,10
2018-01-17,"RA2",0.51,10
2018-01-18,"B3",0.915,10
2018-01-19,"C14",0.475,10
2018-01-19,"C3",0.495,10
2018-01-19,"GA1",0.435,10
2018-02-19,"B3",0.485,10
2018-02-19,"GA1",0.585,10
2018-02-20,"D2",1.195,10
2018-02-21,"C14",1.15,10
2018-02-21,"C3",0.62,10
2018-02-22,"A13",0.3,10
2018-03-13,"RA1",0.27,5
2018-03-13,"RA2",0.24,10
2018-03-15,"B7",0.605,10
2018-03-20,"A5",0.44,10
2018-03-28,"B7",0.5,10
2018-04-12,"B3",3.38,10
2018-04-23,"B7",8.925,10
2018-04-23,"GA1",2.0225,5.25
2018-04-24,"C14",8.1,10
2018-04-24,"C3",6.685,5.25
2018-04-25,"A13",0.85,10
2018-04-25,"A5",1.35,10
2018-05-07,"B3",5.28,10
2018-05-14,"B7",5.47,10
2018-05-14,"GA1",8.3425,5.25
2018-05-15,"C14",13.41,10
2018-05-15,"C3",3.315,5.25
2018-05-16,"A5",0.6975,5.25
2018-05-16,"RA1",0.63,2.75
2018-05-16,"RA2",0.805,5.25
2018-05-16,"RA6",0.55,0.5
2018-05-16,"RA7",2.52,0.5
2018-05-16,"RA8",1.795,0.5
2018-05-17,"A13",0.89,10
2018-05-28,"B3",2.94,10
2018-06-04,"SGv1",1.25,10
2018-06-04,"SGv2",2.505,10
2018-06-04,"SHa1",4.905,10
2018-06-04,"SHa2",4.01,10
2018-06-04,"SNf11",0.535,10
2018-06-04,"SNf12",0.565,10
2018-06-05,"SAl1",3.955,10
2018-06-05,"SAl2",2.525,10
2018-06-05,"SDo11",0.62,10
2018-06-05,"SDo12",0.84,10
2018-06-05,"SOm1",3.565,10
2018-06-05,"SOm2",3.915,10
2018-06-11,"B7",4.07,10
2018-06-11,"GA1",1.6575,5.25
2018-06-12,"C14",1.825,10
2018-06-12,"C3",1.7525,5.25
2018-06-13,"A5",3.7625,5.25
2018-06-13,"RA1",3.245,2.75
2018-06-13,"RA2",1.66,5.25
2018-06-13,"RA6",4.595,0.5
2018-06-13,"RA7",1.71,0.5
2018-06-13,"RA8",1.89,0.5
2018-06-14,"A13",3.02,10
2018-06-26,"B3",3.89,10
2018-07-03,"SDo13",2.335,10
2018-07-03,"SDo14",2.475,10
2018-07-03,"SGv3",2.93,10
2018-07-03,"SGv4",2.815,10
2018-07-03,"SHa3",2.02,10
2018-07-03,"SHa4",2.665,10
2018-07-03,"SNf13",1.86,10
2018-07-03,"SNf14",1.81,10
2018-07-04,"SAl3",2.775,10
2018-07-04,"SAl4",1.865,10
2018-07-04,"SOm3",2.105,10
2018-07-04,"SOm4",1.77,10
2018-07-09,"B7",2.84,10
2018-07-09,"GA1",3.7925,5.25
2018-07-10,"C14",2.53,10
2018-07-10,"C3",2.2275,5.25
2018-07-11,"A5",3.6725,5.25
2018-07-11,"RA1",2.77,2.75
2018-07-11,"RA2",3.2925,5.25
2018-07-11,"RA6",2.6,0.5
2018-07-11,"RA7",3.145,0.5
2018-07-11,"RA8",5.69,0.5
2018-07-12,"A13",1.725,10
2018-07-30,"SGv5",2.76,10
2018-07-30,"SGv6",2.385,10
2018-07-30,"SHa5",2.305,10
2018-07-30,"SHa6",5.335,10
2018-07-31,"SAl5",3.035,10
2018-07-31,"SAl6",2.855,10
2018-07-31,"SDo15",3.975,10
2018-07-31,"SDo16",4.335,10
2018-07-31,"SOm5",3.87,10
2018-07-31,"SOm6",3.24,10
2018-08-01,"SNf15",2.705,10
2018-08-01,"SNf16",4.44,10
2018-08-02,"B3",2.11,10
2018-08-13,"B7",3.41,10
2018-08-13,"GA1",1.44,10
2018-08-14,"C14",2.38,10
2018-08-14,"C24",2.49,5.25
2018-08-14,"C3",2.525,5.25
2018-08-15,"A5",1.5425,5.25
2018-08-15,"RA1",2.88,2.75
2018-08-15,"RA2",2.17,5.25
2018-08-15,"RA6",5.44,0.5
2018-08-15,"RA7",2.775,0.5
2018-08-15,"RA8",2.075,0.5
2018-08-16,"A13",1.99,10
2018-08-29,"B3",3.82,10
2018-09-10,"B7",3.5,10
2018-09-10,"GA1",4.2975,5.25
2018-09-11,"C14",2.47,10
2018-09-11,"C3",2.6775,5.25
2018-09-12,"A5",2.705,5.25
2018-09-12,"RA1",3.625,2.75
2018-09-12,"RA2",3.385,5.25
2018-09-13,"A13",3.32,10
2018-09-25,"B3",3.725,10
2018-10-08,"B7",3.86,10
2018-10-09,"C14",2.675,10
2018-10-09,"C3",2.7,10
2018-10-09,"GA1",4.1,10
2018-10-10,"A5",1.725,10
2018-10-10,"RA1",3.405,5
2018-10-10,"RA2",3.52,10
2018-10-11,"A13",2.255,10
2018-11-06,"B3",3.135,10
2018-12-10,"B7",0.905,10
2018-12-10,"GA1",0.87,10
2018-12-11,"C14",1.11,10
2018-12-11,"C3",0.865,10
2018-12-12,"A5",0.82,10
2018-12-12,"RA2",1.46,10
2018-12-13,"A13",0.695,10
2019-01-14,"B7",0.495,10
2019-01-22,"A13",0.4,10
2019-01-22,"A5",0.37,10
2019-01-23,"C3",0.56,10
2019-01-24,"C14",0.705,10
2019-01-24,"GA1",0.455,10
2019-01-29,"RA2",0.42,10
2019-02-11,"C14",0.72,10
2019-02-11,"C3",0.895,10
2019-02-12,"GA1",0.735,10
2019-02-15,"B3",0.415,10
2019-02-26,"B7",0.485,10
2019-03-25,"B3",1.615,10
2019-03-28,"RA1",0.18,5
2019-03-28,"RA2",0.24,10
2019-04-03,"B7",3.095,10
2019-04-15,"A13",0.445,10
2019-04-16,"A5",0.54,10
2019-04-16,"RA2",0.545,10
2019-04-17,"C14",4.12,10
2019-04-17,"C3",9.565,10
2019-04-17,"GA1",2.03,10
2019-04-18,"B3",12.35,10
2019-04-29,"B7",6.485,10
2019-05-13,"A13",1.71,10
2019-05-13,"B3",4.175,10
2019-05-14,"A5",1.31,5.5
2019-05-14,"RA1",1.435,5
2019-05-14,"RA2",2.2025,5.5
2019-05-15,"C14",9.195,10
2019-05-15,"C3",6.6975,5.5
2019-05-15,"GA1",3.545,5.5
2019-05-27,"B7",4.56,10
2019-06-10,"C14",2.56,10
2019-06-10,"C24",1.6525,5.5
2019-06-11,"B3",3.445,10
2019-06-11,"C3",2.1175,5.5
2019-06-11,"GA1",1.9925,5.5
2019-06-12,"A13",3.365,10
2019-06-12,"A5",3.5675,5.5
2019-06-12,"RA1",3.52,5
2019-06-12,"RA2",2.5875,5.5
2019-06-25,"B7",3.205,10
2019-07-08,"B3",2.53,10
2019-07-08,"GA1",3.315,5.5
2019-07-09,"C14",2.61,10
2019-07-09,"C3",3.2325,5.5
2019-07-10,"A13",5.255,10
2019-07-10,"A5",3.3825,5.5
2019-07-10,"RA2",3.2675,5.5
2019-08-05,"A13",2.735,10
2019-08-05,"A5",1.6025,5.5
2019-08-05,"RA1",2.35,5
2019-08-05,"RA2",1.685,5.5
2019-08-06,"B7",2.47,10
2019-08-06,"C3",2.0525,5.5
2019-08-06,"GA1",2.575,5.5
2019-08-07,"C14",6.19,10
2019-08-07,"C24",3.41888888888889,10.1111111111111
2019-08-20,"B3",3.29,10
2019-09-04,"B7",3.76,10
2019-09-16,"C14",2.2,10
2019-09-16,"C3",2.405,5.5
2019-09-16,"GA1",2.4825,5.5
2019-09-17,"A13",2.105,10
2019-09-17,"B3",2.83,10
2019-09-18,"A5",2.6475,5.5
2019-09-18,"RA1",2.645,5
2019-09-18,"RA2",2.2525,5.5
2019-10-08,"B7",2.79,10
2019-10-22,"B3",3.89,10
2019-11-11,"B7",2.39,10
2019-11-11,"GA1",2.095,10
2019-11-12,"C14",1.765,10
2019-11-12,"C3",2.05,10
2019-11-13,"A13",0.87,10
2019-11-13,"A5",0.79,10
2019-11-13,"RA1",2.065,5
2019-11-13,"RA2",2.885,10
2019-12-09,"A13",0.655,10
2019-12-09,"A5",0.705,10
2019-12-10,"C14",1.09,10
2019-12-10,"C24",1.205,10
2019-12-10,"C3",1.25,10
2019-12-11,"GA1",0.97,10
2019-12-12,"B3",1.065,10
2019-12-19,"RA2",0.755,10
2020-01-16,"A13",0.425,10
2020-01-17,"A5",0.615,10
2020-01-17,"RA2",0.46,10
2020-01-18,"B3",0.81,10
2020-01-18,"C3",0.63,10
2020-01-19,"C14",0.79,10
2020-01-19,"C24",0.89,10
2020-01-20,"GA1",0.59,10
2020-02-17,"A13",0.355,10
2020-02-18,"A5",0.415,10
2020-02-18,"RA1",0.255,5
2020-02-18,"RA2",0.34,10
2020-02-19,"C14",0.715,10
2020-02-19,"C3",0.745,10
2020-02-19,"GA1",0.56,10
2020-02-20,"B7",0.885,10
2020-03-10,"B3",1.38,10
2020-03-24,"B7",2.105,10
2020-04-07,"B3",9.725,10
2020-04-16,"RA2",0.99,10
2020-04-20,"C14",7.05,10
2020-04-20,"C3",10.9975,5.25
2020-04-21,"B7",8.11,10
2020-04-21,"GA1",9.0075,5.25
2020-04-22,"A13",1.04,10
2020-04-22,"A5",1.17,10
2020-04-28,"B3",4.32,10
2020-05-11,"C14",2.765,10
2020-05-11,"GA1",2.0875,5.25
2020-05-12,"B7",3.095,10
2020-05-12,"C3",3.0425,5.25
2020-05-13,"A5",2.5575,5.25
2020-05-13,"RA2",2.39,5.25
2020-05-14,"A13",2.75,10
2020-05-25,"B3",3.325,10
2020-06-08,"C14",2.56,10
2020-06-08,"GA1",2.7975,5.25
2020-06-09,"B7",3.595,10
2020-06-09,"C3",3.02,5.25
2020-06-10,"A5",3.83,5.25
2020-06-10,"RA1",2.465,5
2020-06-10,"RA2",3.56,5.25
2020-06-11,"A13",3.055,10
2020-06-23,"B3",2.885,10
2020-07-06,"SAv1",2.99,5
2020-07-06,"SAv2",3.505,5
2020-07-07,"C3",2.16,5.25
2020-07-07,"SBf1",3.4025,2.75
2020-07-07,"SBy1",3.82,2.75
2020-07-07,"SGu1",4.0375,2.75
2020-07-07,"SIT1",3.645,5
2020-07-07,"SIT2",4.49,5
2020-07-07,"SRi1",3.77,5.25
2020-07-08,"B7",2.345,10
2020-07-08,"C14",2.27,10
2020-07-08,"GA1",3.3675,5.25
2020-07-08,"SYt1",2.03,2.75
2020-07-09,"A5",3.5575,5.25
2020-07-09,"RA1",3.445,5
2020-07-09,"RA2",2.6175,5.25
2020-07-10,"A13",3.075,10
2020-08-03,"C3",2.7375,5.25
2020-08-03,"SIT3",5.95,5
2020-08-03,"SIT4",5.895,5
2020-08-04,"C14",3.1425,10
2020-08-04,"C24",4.695,10
2020-08-05,"B3",3.19,10
2020-08-05,"GA1",4.9775,5.25
2020-08-06,"A5",1.48,5.25
2020-08-06,"RA1",5.58,5
2020-08-06,"RA2",2.11,5.25
2020-08-07,"A13",1.935,10
2020-08-17,"B7",3.16,10
2020-08-17,"SAv3",6.435,4
2020-08-17,"SAv4",8.89,5
2020-08-18,"SBf1",2.735,2.75
2020-08-18,"SBy1",2.48,2.75
2020-08-18,"SGu1",2.4625,2.75
2020-08-18,"SRi1",2.3625,5.25
2020-08-19,"SYt1",2.8925,2.75
2020-08-20,"A01B",2.975,10
2020-08-20,"A03",2.89,10
2020-08-20,"B38",3.25,10
2020-08-20,"INF1",2.905,10
2020-08-20,"INF2",2.715,10
2020-08-20,"MJS1",2.58,10
2020-08-20,"S2",3.1,10
2020-08-20,"UB3",2.585,10
2020-08-20,"UB6",2.255,10
2020-08-20,"V4",2.605,10
2020-08-31,"B3",2.685,10
2020-09-21,"C14",2.46,10
2020-09-21,"GA1",2.3425,5.25
2020-09-22,"B7",2.535,10
2020-09-22,"C3",3.5925,5.25
2020-09-23,"A5",1.6875,5.25
2020-09-23,"RA1",4.77,5
2020-09-23,"RA2",2.9175,5.25
2020-09-24,"A13",2.395,10
2020-10-06,"B3",5.64,10
2020-10-19,"GA1",2.145,10
2020-10-20,"B7",1.365,10
2020-10-20,"C14",2.38,10
2020-10-20,"C3",2.86,10
2020-10-21,"A5",1.435,10
2020-10-21,"RA2",3.09,10
2020-10-22,"A13",1.525,10
2020-11-10,"B3",1.175,10
2020-11-10,"RA1",1.375,5
2020-12-09,"GA1",0.7,10
2020-12-11,"B7",0.92,10
2021-01-28,"B7",0.375,10
2021-01-28,"RA2",0.35,10
2021-02-09,"B3",0.395,10
2021-02-09,"GA1",0.38,10
2021-02-10,"C14",0.45,10
2021-02-10,"C3",0.435,10
2021-03-04,"RA1",0.16,5
2021-03-04,"RA2",0.19,10
2021-03-17,"B7",0.665,10
2021-04-08,"B3",4.825,10
2021-04-19,"B7",12.465,10
2021-04-26,"GA1",9.15,5.25
2021-04-27,"C14",8.515,10
2021-04-27,"C24",6.55,10
2021-04-27,"C3",11.0625,5.25
2021-04-28,"A13",1.49,10
2021-04-28,"B3",6.835,10
2021-04-29,"RA2",0.905,10
2021-05-11,"B7",5.57,10
2021-05-24,"GA1",1.625,10
2021-05-25,"C14",1.925,10
2021-05-25,"C24",3.035,10
2021-05-25,"C3",1.72,5.25
2021-05-26,"A13",2.385,10
2021-05-26,"B3",4.525,10
2021-05-27,"A5",2.37,5.25
2021-05-27,"RA1",1.14,5
2021-05-27,"RA2",1.32,5.25
2021-06-02,"B7",5.03,10
2021-06-07,"A13",2.14,10
2021-06-08,"A5",2.12,5.25
2021-06-08,"RA1",3.185,5
2021-06-08,"RA2",3.585,5.25
2021-06-09,"B3",3.24,10
2021-06-09,"C3",1.8575,5.25
2021-06-09,"GA1",1.925,5.25
2021-06-10,"C14",1.705,10
2021-06-10,"C24",2.035,10
2021-06-22,"B7",4.72,10
2021-07-05,"A13",3.82,10
2021-07-06,"A5",2.7925,5.25
2021-07-06,"RA2",2.495,5.25
2021-07-07,"B3",2.255,10
2021-07-07,"C3",1.8775,5.25
2021-07-07,"GA1",1.6975,5.25
2021-07-08,"C14",1.445,10
2021-07-08,"C24",2.215,10
2021-07-12,"SBy1",3.27,2.75
2021-07-12,"SGu1",3.7875,2.75
2021-07-12,"SRi1",2.5325,5.25
2021-07-13,"SBf1",4.915,2.75
2021-07-13,"SYt1",5.04,2.75
2021-08-02,"A13",1.735,10
2021-08-03,"A5",1.77,5.25
2021-08-03,"RA1",2.215,5
2021-08-03,"RA2",1.565,5.25
2021-08-04,"B7",1.68,10
2021-08-04,"C3",1.6625,5.25
2021-08-04,"GA1",1.74,5.25
2021-08-05,"C14",2.365,10
2021-08-05,"C24",3.93,10
2021-08-26,"SBf1",2.26,2.75
2021-08-26,"SGu1",2.64,2.75
2021-08-26,"SYt1",4.1725,2.75
2021-08-27,"SBy1",4.345,2.75
2021-08-27,"SRi1",3.8625,5.25
2021-08-30,"A01B",4.32,10
2021-08-30,"B3",4.86,10
2021-08-30,"INF1",3.695,10
2021-08-30,"INF2",3.755,10
2021-08-30,"S2",4.185,10
2021-08-31,"MJS1",4.285,10
2021-08-31,"UB3",3.72,10
2021-08-31,"UB6",4.425,10
2021-08-31,"V4",3.565,10
2021-09-13,"A13",2.895,10
2021-09-14,"A5",2.1975,5.25
2021-09-14,"RA1",6.815,5
2021-09-14,"RA2",4.4125,5.25
2021-09-15,"B7",1.955,10
2021-09-15,"C3",2.9675,5.25
2021-09-15,"GA1",2.5625,5.25
2021-09-16,"C14",2.325,10
2021-09-16,"C24",2.73,10
2021-09-28,"B3",3.5,10
2021-10-12,"B7",2.875,10
2021-10-25,"A13",1.205,10
2021-10-26,"A5",1.285,10
2021-10-26,"RA1",1.205,5
2021-10-26,"RA2",2.685,10
2021-10-27,"B3",1.545,10
2021-10-27,"C3",3.105,10
2021-10-27,"GA1",2.28,10
2021-10-28,"C14",4.185,10
2021-10-28,"C24",2.885,10
2021-11-23,"B7",1.045,10
2021-12-06,"B3",0.975,10
2021-12-07,"GA1",1.08,10
2021-12-11,"A13",0.775,10
2021-12-11,"A5",0.785,10
2021-12-12,"C14",1.245,10
2021-12-12,"C3",0.985,10
2021-12-13,"C24",1.725,10
2021-12-21,"RA2",0.725,10
2022-01-17,"A13",0.4,10
2022-01-18,"A5",0.4,10
2022-01-18,"RA2",0.42,10
2022-01-19,"B3",0.465,10
2022-01-20,"GA1",0.42,10
2022-01-22,"C3",0.565,10
2022-02-14,"A13",0.325,10
2022-02-15,"A5",0.275,10
2022-02-15,"RA1",0.245,5
2022-02-15,"RA2",0.35,10
2022-02-16,"B7",0.495,10
2022-02-16,"C14",0.66,10
2022-02-16,"C3",0.54,10
2022-02-17,"GA1",0.54,10
2022-03-09,"B3",2.86,10
2022-03-23,"B7",0.835,10
2022-04-12,"B3",14.86,10
2022-04-25,"B7",6.82,10
2022-04-26,"C14",8.745,10
2022-04-26,"C3",7.9225,5.25
2022-04-26,"GA1",6.7225,5.25
2022-04-27,"A5",0.35,10
2022-04-27,"RA2",0.705,10
2022-04-28,"A13",0.825,10
2022-05-10,"B3",4.94,10
2022-05-23,"B7",3.09,10
2022-05-23,"GA1",1.7025,5.25
2022-05-24,"C14",1.405,10
2022-05-24,"C3",1.9725,5.25
2022-05-25,"A5",1.9675,5.25
2022-05-25,"RA1",1.035,5
2022-05-25,"RA2",1.26,5.25
2022-05-26,"A13",1.935,10
2022-06-02,"B3",3.995,10
2022-06-07,"B7",2.825,10
2022-06-07,"GA1",2.4525,5.25
2022-06-08,"C14",1.78,10
2022-06-08,"C3",2.1675,5.25
2022-06-09,"A5",2.645,5.25
2022-06-09,"RA1",3.255,5
2022-06-09,"RA2",2.9925,5.25
2022-06-10,"A13",4.645,10
2022-06-16,"B3",2.28,10
2022-07-04,"B7",2.94,10
2022-07-04,"GA1",1.8575,5.25
2022-07-05,"C14",1.815,10
2022-07-05,"C3",1.9225,5.25
2022-07-06,"A5",4.825,5.25
2022-07-06,"RA2",2.0225,5.25
2022-07-07,"A13",4.53,10
2022-07-13,"SBf1",4.25,2.75
2022-07-13,"SBy1",2.6075,2.75
2022-07-13,"SGu1",5.66,2.75
2022-07-13,"SRi1",3.2925,5.25
2022-07-14,"SYt1",2.295,2.75
2022-08-02,"A13",1.625,10
2022-08-02,"A5",1.21,5.25
2022-08-02,"RA1",3.24,5
2022-08-02,"RA2",2.8225,5.25
2022-08-03,"B3",2.64,10
2022-08-03,"C3",1.7425,5.25
2022-08-03,"GA1",1.6875,5.25
2022-08-04,"C14",2.17,10
2022-08-04,"C24",3.63,10
2022-08-29,"SBf1",3.4225,2.75
2022-08-29,"SYt1",2.3425,2.75
2022-08-30,"B7",2.42,10
2022-08-30,"MJS1",2.995,10
2022-08-30,"SBy1",2.3625,2.75
2022-08-30,"SGu1",1.6525,2.75
2022-08-30,"SRi1",2.4,5.25
2022-08-30,"UB3",2.59,10
2022-08-30,"UB6",3.335,10
2022-08-30,"V4",3.285,10
2022-08-31,"A01B",2.825,10
2022-08-31,"INF1",2.77,10
2022-08-31,"INF2",3.375,10
2022-08-31,"S2",2.29,10
2022-09-12,"C3",2.1875,5.25
2022-09-13,"C14",2.49,10
2022-09-14,"B3",3.745,10
2022-09-14,"GA1",2.8875,5.25
2022-09-15,"A5",3.325,5.25
2022-09-15,"RA1",3.155,5
2022-09-15,"RA2",2.8475,5.25
2022-09-16,"A13",4.085,10
2022-09-26,"B7",8.75,10
2022-10-10,"B3",4.365,10
2022-10-11,"C14",2.88,10
2022-10-11,"C3",3.35,10
2022-10-11,"GA1",1.855,10
2022-10-12,"A5",3.03,10
2022-10-12,"RA1",4.265,5
2022-10-12,"RA2",4.245,10
2022-10-13,"A13",2.95,10
2022-10-25,"B7",2.89,10
2022-11-16,"B3",2.275,10
2022-12-01,"B7",1.445,10
2022-12-09,"A13",0.76,10
2022-12-09,"A5",0.865,10
2022-12-10,"C14",1.235,10
2022-12-10,"C3",1.63,10
2022-12-10,"GA1",1.725,10
2022-12-11,"C24",1.29,10
2022-12-20,"RA2",0.94,10
2023-01-16,"A13",0.38,10
2023-01-17,"A5",0.46,10
2023-01-17,"RA2",0.505,10
2023-01-18,"B7",0.495,10
2023-01-19,"C14",0.615,10
2023-01-19,"C3",0.62,10
2023-01-19,"GA1",0.465,10
2023-02-14,"A13",0.315,10
2023-02-14,"A5",0.31,10
2023-02-15,"C14",0.705,10
2023-02-15,"C3",0.67,10
2023-02-15,"GA1",0.67,10
2023-02-16,"B3",0.655,10
2023-02-28,"B7",0.79,10
2023-02-28,"RA1",0.27,5
2023-02-28,"RA2",0.345,10
2023-03-21,"B3",2.16,10
2023-04-12,"B7",10.53,10
2023-04-21,"RA2",0.3,10
2023-04-24,"B3",8.19,10
2023-04-25,"C14",8.365,10
2023-04-25,"C3",8.05,10
2023-04-25,"GA1",6.53,10
2023-04-26,"A13",0.72,10
2023-04-26,"A5",0.435,10
2023-05-02,"B7",4.64,10
2023-05-16,"B3",2.85,10
2023-05-24,"C3",1.7,10
2023-05-24,"GA1",2.615,10
2023-05-30,"B7",3.99,10
2023-06-08,"C3",1.775,10
2023-06-08,"GA1",1.5,10
2023-06-15,"RA1",3.78,5
2023-06-15,"RA2",2.435,10
2023-06-19,"B7",1.7,10
2023-07-03,"B3",2.23,10
2023-07-03,"SVa1",2.94,2.75
2023-07-04,"C14",1.5,10
2023-07-04,"C3",1.7375,5.25
2023-07-04,"GA1",2.4175,5.25
2023-07-05,"A13",3.175,10
2023-07-19,"RA1",2.74,5
2023-07-19,"RA2",2.0175,5.25
2023-08-01,"B7",2.2,10
2023-08-14,"B3",3.32,10
2023-08-14,"C3",1.75,5.25
2023-08-15,"C14",2.81,10
2023-08-15,"C24",3.27,10
2023-08-15,"GA1",2.7175,5.25
2023-08-15,"INF1",1.13,10
2023-08-15,"INF2",1.075,10
2023-08-15,"MJS1",1.45,10
2023-08-15,"UB3",1.49,10
2023-08-15,"UB6",1.575,10
2023-08-15,"V4",1.915,10
2023-08-16,"A01B",1.905,10
2023-08-16,"A13",3.115,10
2023-08-16,"A5",3.1375,5.25
2023-08-16,"S2",1.325,10
2023-08-17,"SVa1",4.87,2.75
2023-08-18,"RA1",4.695,5
2023-08-18,"RA2",3.0875,5.25
2023-09-06,"B7",3.085,10
2023-09-21,"RA1",3.72,5
2023-09-21,"RA2",3.225,5.25
2023-09-25,"B3",2.935,10
2023-09-25,"GA1",2.915,5.25
2023-09-26,"C14",2.515,10
2023-09-26,"C3",2.9,5.25
2023-09-27,"A13",2.65,10
2023-09-27,"A5",3.12,5.25
2023-10-10,"B7",2.005,10
2023-10-26,"B3",22.05,10
2023-11-20,"A13",1.16,10
2023-11-21,"B7",1.53,10
2023-11-21,"C14",1.25,10
2023-11-21,"C3",2.58,10
2023-11-22,"GA1",2.12,10
2023-12-05,"RA1",0.91,5
2023-12-05,"RA2",0.98,10
2023-12-09,"A13",0.655,10
2023-12-09,"A5",0.685,10
2023-12-10,"B3",0.83,10
2023-12-10,"C3",1.045,10
2023-12-10,"GA1",1.065,10
2023-12-11,"C14",1.11,10
2023-12-11,"C24",0.98,10
2024-01-16,"C11",0.63,10
2024-01-16,"C14",0.55,10
2024-01-16,"C3",0.45,10
2024-01-17,"GA1",0.455,10
2024-01-24,"B3",0.36,10
2024-01-25,"RA2",0.275,10
2024-02-12,"A13",0.27,10
2024-02-15,"B7",0.44,10
2024-02-27,"C14",0.635,10
2024-02-27,"C3",0.61,10
2024-02-27,"GA1",0.445,10
2024-02-27,"RA1",0.14,5
2024-02-27,"RA2",0.235,10
2024-02-28,"B3",0.53,10
2024-03-19,"B7",0.89,10
2024-04-09,"B3",4.015,10
2024-04-18,"RA2",0.84,10
2024-04-22,"B7",12.73,10
2024-04-22,"GA1",10.425,5.25
2024-04-23,"C14",4.355,10
2024-04-23,"C3",7.215,5.25
2024-04-24,"A5",0.42,10
2024-05-02,"B3",11.1,10
2024-05-04,"C3",10.835,10
2024-05-05,"C14",9.925,10
2024-05-05,"C24",8.415,10
2024-05-14,"B7",5.065,10
2024-05-15,"RA1",0.68,5
2024-05-15,"RA2",0.835,10
2024-05-23,"GA1",3.1575,5.25
2024-05-29,"B3",3.435,10
2024-06-03,"B7",3.31,10
2024-06-03,"GA1",1.98,5.25
2024-06-04,"C14",1.475,10
2024-06-04,"C3",2.23,5.25
2024-06-05,"A13",2.6,10
2024-06-05,"A5",3.86,5.25
2024-06-05,"RA1",3.815,5
2024-06-05,"RA2",2.1325,5.25
2024-06-18,"B3",4.03,10
2024-07-01,"B7",3.025,10
2024-07-01,"SVa1",4.765,2.75
2024-07-02,"C14",2.49,10
2024-07-02,"C3",2.6275,5.25
2024-07-02,"GA1",2.36,5.25
2024-07-03,"A13",2.675,10
2024-07-03,"A5",4.1925,5.25
2024-07-03,"RA2",2.75,5.25
2024-08-05,"B3",4.55,10
2024-08-12,"A01B",0.485,10
2024-08-12,"B7",2.865,10
2024-08-12,"INF1",0.435,10
2024-08-12,"INF2",0.47,10
2024-08-12,"MJS1",2.375,10
2024-08-12,"S2",0.42,10
2024-08-12,"SVa1",5.525,2.75
2024-08-12,"UB3",2.135,10
2024-08-12,"UB6",2.225,10
2024-08-12,"V4",1.82,10
2024-08-13,"C14",2.105,10
2024-08-13,"C3",3.7575,5.25
2024-08-13,"GA1",2.1725,5.25
2024-08-14,"A13",1.965,10
2024-08-14,"A5",1.9675,5.25
2024-08-14,"RA1",6.06,5
2024-08-14,"RA2",2.9,5.25
2024-08-29,"B3",2.72,10
2024-09-09,"C3",2.725,5.25
2024-09-10,"A13",4.55,10
2024-09-10,"B7",5.03,10
2024-09-10,"C14",1.66,10
2024-09-11,"A5",3.545,5.25
2024-09-11,"RA1",6.16,5
2024-09-11,"RA2",4.605,5.25
2024-09-25,"B3",4.625,10
2024-10-08,"A13",3.7,10
2024-10-08,"A5",2.545,10
2024-10-08,"RA1",4.01,5
2024-10-08,"RA2",3.93,10
2024-10-09,"B7",4.13,10
2024-10-09,"C3",3.555,10
2024-10-09,"GA1",3.04,10
2024-10-10,"C14",3.015,10
2024-11-05,"B3",1.785,10
